split,date,entry_time,exit_time,entry_datetime,exit_datetime,entry_price,exit_price,direction,pnl_points,pnl_hkd,holding_bars,exit_reason,strategy_at_entry,regime_at_entry
train,20170703,113200,153100,2017-07-03 11:32:00,2017-07-03 15:31:00,25690.0,25656.0,-1,32.0,1600.0,179,mr_exit,MR,RANGE
train,20170704,112100,115100,2017-07-04 11:21:00,2017-07-04 11:51:00,25633.0,25552.0,1,-83.0,-4150.0,30,stop_loss,MR,RANGE
train,20170704,115200,115600,2017-07-04 11:52:00,2017-07-04 11:56:00,25494.0,25337.0,-1,155.0,7750.0,4,take_profit,ORB,TREND
train,20170704,144600,162900,2017-07-04 14:46:00,2017-07-04 16:29:00,25289.0,25299.0,1,8.0,400.0,103,session_end,MR,RANGE
train,20170705,104600,131300,2017-07-05 10:46:00,2017-07-05 13:13:00,25336.0,25471.0,1,133.0,6650.0,87,take_profit,ORB,TREND
train,20170705,131400,162900,2017-07-05 13:14:00,2017-07-05 16:29:00,25477.0,25461.0,-1,14.0,700.0,195,session_end,MR,RANGE
train,20170706,113500,161300,2017-07-06 11:35:00,2017-07-06 16:13:00,25424.0,25469.0,1,43.0,2150.0,218,mr_exit,MR,RANGE
train,20170707,132000,151900,2017-07-07 13:20:00,2017-07-07 15:19:00,25359.0,25332.0,-1,25.0,1250.0,119,mr_exit,MR,RANGE
train,20170710,103100,162900,2017-07-10 10:31:00,2017-07-10 16:29:00,25571.0,25509.0,1,-64.0,-3200.0,298,session_end,ORB,TREND
train,20170711,101900,131900,2017-07-11 10:19:00,2017-07-11 13:19:00,25722.0,25849.0,1,125.0,6250.0,120,take_profit,ORB,TREND
train,20170711,132000,162900,2017-07-11 13:20:00,2017-07-11 16:29:00,25862.0,25953.0,1,89.0,4450.0,189,session_end,ORB,TREND
train,20170712,140200,143200,2017-07-12 14:02:00,2017-07-12 14:32:00,26025.0,26061.0,1,34.0,1700.0,30,mr_exit,MR,RANGE
train,20170713,144300,150400,2017-07-13 14:43:00,2017-07-13 15:04:00,26309.0,26338.0,1,27.0,1350.0,21,mr_exit,MR,RANGE
train,20170713,154600,162900,2017-07-13 15:46:00,2017-07-13 16:29:00,26378.0,26374.0,-1,2.0,100.0,43,session_end,MR,RANGE
train,20170714,150200,150600,2017-07-14 15:02:00,2017-07-14 15:06:00,26389.0,26366.0,-1,21.0,1050.0,4,mr_exit,MR,RANGE
train,20170714,151500,162900,2017-07-14 15:15:00,2017-07-14 16:29:00,26392.0,26399.0,-1,-9.0,-450.0,74,session_end,MR,RANGE
train,20170718,131700,133100,2017-07-18 13:17:00,2017-07-18 13:31:00,26447.0,26475.0,1,26.0,1300.0,14,mr_exit,MR,RANGE
train,20170718,160300,162900,2017-07-18 16:03:00,2017-07-18 16:29:00,26501.0,26548.0,-1,-49.0,-2450.0,26,session_end,MR,RANGE
train,20170719,115400,162900,2017-07-19 11:54:00,2017-07-19 16:29:00,26657.0,26675.0,-1,-20.0,-1000.0,215,session_end,MR,RANGE
train,20170720,134200,142500,2017-07-20 13:42:00,2017-07-20 14:25:00,26754.0,26730.0,-1,22.0,1100.0,43,mr_exit,MR,RANGE
train,20170720,151500,162900,2017-07-20 15:15:00,2017-07-20 16:29:00,26756.0,26745.0,-1,9.0,450.0,74,session_end,MR,RANGE
train,20170721,162600,162900,2017-07-21 16:26:00,2017-07-21 16:29:00,26767.0,26770.0,-1,-5.0,-250.0,3,session_end,MR,RANGE
train,20170724,101800,162900,2017-07-24 10:18:00,2017-07-24 16:29:00,26894.0,26875.0,1,-21.0,-1050.0,311,session_end,ORB,TREND
train,20170725,142200,150200,2017-07-25 14:22:00,2017-07-25 15:02:00,26839.0,26850.0,1,9.0,450.0,40,mr_exit,MR,RANGE
train,20170725,150500,152300,2017-07-25 15:05:00,2017-07-25 15:23:00,26865.0,26855.0,-1,8.0,400.0,18,mr_exit,MR,RANGE
train,20170725,154400,162900,2017-07-25 15:44:00,2017-07-25 16:29:00,26881.0,26885.0,-1,-6.0,-300.0,45,session_end,MR,RANGE
train,20170726,150700,162900,2017-07-26 15:07:00,2017-07-26 16:29:00,26927.0,26920.0,-1,5.0,250.0,82,session_end,MR,RANGE
train,20170727,115500,143000,2017-07-27 11:55:00,2017-07-27 14:30:00,27041.0,27123.0,-1,-84.0,-4200.0,95,stop_loss,MR,RANGE
train,20170727,143100,162900,2017-07-27 14:31:00,2017-07-27 16:29:00,27127.0,27130.0,-1,-5.0,-250.0,118,session_end,MR,RANGE
train,20170731,114900,144800,2017-07-31 11:49:00,2017-07-31 14:48:00,27104.0,27190.0,-1,-88.0,-4400.0,119,stop_loss,MR,RANGE
train,20170731,144900,162900,2017-07-31 14:49:00,2017-07-31 16:29:00,27191.0,27224.0,-1,-35.0,-1750.0,100,session_end,MR,RANGE
train,20170801,113500,162900,2017-08-01 11:35:00,2017-08-01 16:29:00,27446.0,27509.0,-1,-65.0,-3250.0,234,session_end,MR,RANGE
train,20170802,130300,152000,2017-08-02 13:03:00,2017-08-02 15:20:00,27622.0,27533.0,1,-91.0,-4550.0,137,stop_loss,ORB,TREND
train,20170803,133000,144200,2017-08-03 13:30:00,2017-08-03 14:42:00,27510.0,27475.0,-1,33.0,1650.0,72,mr_exit,MR,RANGE
train,20170803,144800,162900,2017-08-03 14:48:00,2017-08-03 16:29:00,27498.0,27500.0,-1,-4.0,-200.0,101,session_end,MR,RANGE
train,20170804,143500,150200,2017-08-04 14:35:00,2017-08-04 15:02:00,27499.0,27514.0,1,13.0,650.0,27,mr_exit,MR,RANGE
train,20170804,151600,152600,2017-08-04 15:16:00,2017-08-04 15:26:00,27496.0,27509.0,1,11.0,550.0,10,mr_exit,MR,RANGE
train,20170804,154400,162900,2017-08-04 15:44:00,2017-08-04 16:29:00,27527.0,27529.0,-1,-4.0,-200.0,45,session_end,MR,RANGE
train,20170807,145000,152300,2017-08-07 14:50:00,2017-08-07 15:23:00,27609.0,27629.0,1,18.0,900.0,33,mr_exit,MR,RANGE
train,20170808,130500,132200,2017-08-08 13:05:00,2017-08-08 13:22:00,27645.0,27738.0,-1,-95.0,-4750.0,17,stop_loss,MR,RANGE
train,20170808,132300,162900,2017-08-08 13:23:00,2017-08-08 16:29:00,27724.0,27792.0,1,66.0,3300.0,186,session_end,ORB,TREND
train,20170809,114600,133700,2017-08-09 11:46:00,2017-08-09 13:37:00,27557.0,27642.0,-1,-87.0,-4350.0,51,stop_loss,ORB,TREND
train,20170810,101500,102700,2017-08-10 10:15:00,2017-08-10 10:27:00,27536.0,27373.0,-1,161.0,8050.0,12,take_profit,ORB,TREND
train,20170810,102800,110000,2017-08-10 10:28:00,2017-08-10 11:00:00,27354.0,27240.0,-1,112.0,5600.0,32,regime_extreme,ORB,TREND
train,20170810,150900,155300,2017-08-10 15:09:00,2017-08-10 15:53:00,27369.0,27428.0,1,57.0,2850.0,44,mr_exit,MR,RANGE
train,20170811,113900,133400,2017-08-11 11:39:00,2017-08-11 13:34:00,26928.0,26841.0,1,-89.0,-4450.0,55,stop_loss,MR,RANGE
train,20170811,133500,140900,2017-08-11 13:35:00,2017-08-11 14:09:00,26842.0,26988.0,1,144.0,7200.0,34,take_profit,MR,RANGE
train,20170811,144400,162900,2017-08-11 14:44:00,2017-08-11 16:29:00,26890.0,26866.0,1,-26.0,-1300.0,105,session_end,MR,RANGE
train,20170814,114800,133100,2017-08-14 11:48:00,2017-08-14 13:31:00,27177.0,27108.0,-1,67.0,3350.0,43,mr_exit,MR,RANGE
train,20170814,142800,162900,2017-08-14 14:28:00,2017-08-14 16:29:00,27158.0,27186.0,-1,-30.0,-1500.0,121,session_end,MR,RANGE
train,20170815,131900,145400,2017-08-15 13:19:00,2017-08-15 14:54:00,27242.0,27287.0,1,43.0,2150.0,95,mr_exit,MR,RANGE
train,20170815,153700,154700,2017-08-15 15:37:00,2017-08-15 15:47:00,27255.0,27143.0,1,-114.0,-5700.0,10,stop_loss,MR,RANGE
train,20170815,154800,162900,2017-08-15 15:48:00,2017-08-15 16:29:00,27160.0,27125.0,1,-37.0,-1850.0,41,session_end,MR,RANGE
train,20170816,114500,115600,2017-08-16 11:45:00,2017-08-16 11:56:00,27245.0,27329.0,-1,-86.0,-4300.0,11,stop_loss,MR,RANGE
train,20170816,115700,162900,2017-08-16 11:57:00,2017-08-16 16:29:00,27317.0,27373.0,1,54.0,2700.0,212,session_end,ORB,TREND
train,20170817,131100,133700,2017-08-17 13:11:00,2017-08-17 13:37:00,27325.0,27235.0,1,-92.0,-4600.0,26,stop_loss,MR,RANGE
train,20170817,133800,153200,2017-08-17 13:38:00,2017-08-17 15:32:00,27253.0,27358.0,1,103.0,5150.0,114,mr_exit,MR,RANGE
train,20170817,162200,162900,2017-08-17 16:22:00,2017-08-17 16:29:00,27290.0,27271.0,1,-21.0,-1050.0,7,session_end,MR,RANGE
train,20170818,111400,132000,2017-08-18 11:14:00,2017-08-18 13:20:00,27095.0,27185.0,-1,-92.0,-4600.0,66,stop_loss,MR,RANGE
train,20170818,132100,150200,2017-08-18 13:21:00,2017-08-18 15:02:00,27180.0,27074.0,-1,104.0,5200.0,101,mr_exit,MR,RANGE
train,20170821,152300,153800,2017-08-21 15:23:00,2017-08-21 15:38:00,27176.0,27142.0,-1,32.0,1600.0,15,mr_exit,MR,RANGE
train,20170822,115600,131600,2017-08-22 11:56:00,2017-08-22 13:16:00,27438.0,27384.0,-1,52.0,2600.0,20,mr_exit,MR,RANGE
train,20170822,134900,161100,2017-08-22 13:49:00,2017-08-22 16:11:00,27421.0,27410.0,-1,9.0,450.0,142,mr_exit,MR,RANGE
train,20170824,143100,150100,2017-08-24 14:31:00,2017-08-24 15:01:00,27500.0,27529.0,1,27.0,1350.0,30,mr_exit,MR,RANGE
train,20170824,151800,162900,2017-08-24 15:18:00,2017-08-24 16:29:00,27508.0,27525.0,1,15.0,750.0,71,session_end,MR,RANGE
train,20170825,102700,130800,2017-08-25 10:27:00,2017-08-25 13:08:00,27637.0,27762.0,1,123.0,6150.0,101,take_profit,ORB,TREND
train,20170825,130900,150700,2017-08-25 13:09:00,2017-08-25 15:07:00,27756.0,27837.0,-1,-83.0,-4150.0,118,stop_loss,MR,RANGE
train,20170825,150800,162900,2017-08-25 15:08:00,2017-08-25 16:29:00,27830.0,27910.0,-1,-82.0,-4100.0,81,session_end,MR,RANGE
train,20170828,140300,145600,2017-08-28 14:03:00,2017-08-28 14:56:00,27928.0,27832.0,1,-98.0,-4900.0,53,stop_loss,MR,RANGE
train,20170828,145700,162900,2017-08-28 14:57:00,2017-08-28 16:29:00,27841.0,27879.0,1,36.0,1800.0,92,session_end,MR,RANGE
train,20170829,141200,150400,2017-08-29 14:12:00,2017-08-29 15:04:00,27781.0,27760.0,-1,19.0,950.0,52,mr_exit,MR,RANGE
train,20170830,130400,141700,2017-08-30 13:04:00,2017-08-30 14:17:00,27857.0,27940.0,-1,-85.0,-4250.0,73,stop_loss,MR,RANGE
train,20170830,141800,162900,2017-08-30 14:18:00,2017-08-30 16:29:00,27944.0,27975.0,1,29.0,1450.0,131,session_end,ORB,TREND
train,20170831,131200,150100,2017-08-31 13:12:00,2017-08-31 15:01:00,27856.0,27881.0,1,23.0,1150.0,109,mr_exit,MR,RANGE
train,20170901,131400,142300,2017-09-01 13:14:00,2017-09-01 14:23:00,27958.0,27857.0,1,-103.0,-5150.0,69,stop_loss,MR,RANGE
train,20170901,143400,162900,2017-09-01 14:34:00,2017-09-01 16:29:00,27858.0,27863.0,1,3.0,150.0,115,session_end,MR,RANGE
train,20170904,134900,142100,2017-09-04 13:49:00,2017-09-04 14:21:00,27772.0,27681.0,1,-93.0,-4650.0,32,stop_loss,MR,RANGE
train,20170904,142200,154200,2017-09-04 14:22:00,2017-09-04 15:42:00,27633.0,27716.0,-1,-85.0,-4250.0,80,stop_loss,ORB,TREND
train,20170905,134600,162900,2017-09-05 13:46:00,2017-09-05 16:29:00,27721.0,27706.0,1,-17.0,-850.0,163,session_end,MR,RANGE
train,20170906,115100,132300,2017-09-06 11:51:00,2017-09-06 13:23:00,27412.0,27479.0,1,65.0,3250.0,32,mr_exit,MR,RANGE
train,20170906,153800,162900,2017-09-06 15:38:00,2017-09-06 16:29:00,27536.0,27594.0,-1,-60.0,-3000.0,51,session_end,MR,RANGE
train,20170907,115500,130800,2017-09-07 11:55:00,2017-09-07 13:08:00,27605.0,27518.0,1,-89.0,-4450.0,13,stop_loss,MR,RANGE
train,20170907,130900,142000,2017-09-07 13:09:00,2017-09-07 14:20:00,27525.0,27435.0,1,-92.0,-4600.0,71,stop_loss,MR,RANGE
train,20170907,142100,162900,2017-09-07 14:21:00,2017-09-07 16:29:00,27438.0,27488.0,1,48.0,2400.0,128,session_end,MR,RANGE
train,20170908,130100,132400,2017-09-08 13:01:00,2017-09-08 13:24:00,27649.0,27603.0,-1,44.0,2200.0,23,mr_exit,MR,RANGE
train,20170908,153600,162900,2017-09-08 15:36:00,2017-09-08 16:29:00,27629.0,27668.0,-1,-41.0,-2050.0,53,session_end,MR,RANGE
train,20170911,134600,161500,2017-09-11 13:46:00,2017-09-11 16:15:00,27956.0,27924.0,-1,30.0,1500.0,149,mr_exit,MR,RANGE
train,20170911,162700,162900,2017-09-11 16:27:00,2017-09-11 16:29:00,27955.0,27944.0,-1,9.0,450.0,2,session_end,MR,RANGE
train,20170913,101600,102600,2017-09-13 10:16:00,2017-09-13 10:26:00,27716.0,27799.0,-1,-85.0,-4250.0,10,stop_loss,ORB,TREND
train,20170913,143900,162900,2017-09-13 14:39:00,2017-09-13 16:29:00,27868.0,27864.0,-1,2.0,100.0,110,session_end,MR,RANGE
train,20170914,131700,150100,2017-09-14 13:17:00,2017-09-14 15:01:00,27743.0,27793.0,1,48.0,2400.0,104,mr_exit,MR,RANGE
train,20170915,114700,162900,2017-09-15 11:47:00,2017-09-15 16:29:00,27792.0,27786.0,1,-8.0,-400.0,222,session_end,ORB,TREND
train,20170918,113300,162900,2017-09-18 11:33:00,2017-09-18 16:29:00,28094.0,28165.0,-1,-73.0,-3650.0,236,session_end,MR,RANGE
train,20170919,143600,151000,2017-09-19 14:36:00,2017-09-19 15:10:00,28090.0,28126.0,1,34.0,1700.0,34,mr_exit,MR,RANGE
train,20170919,153200,162900,2017-09-19 15:32:00,2017-09-19 16:29:00,28070.0,28032.0,1,-40.0,-2000.0,57,session_end,MR,RANGE
train,20170920,115300,162900,2017-09-20 11:53:00,2017-09-20 16:29:00,28098.0,28125.0,-1,-29.0,-1450.0,216,session_end,MR,RANGE
train,20170922,114000,143300,2017-09-22 11:40:00,2017-09-22 14:33:00,27848.0,27880.0,1,30.0,1500.0,113,mr_exit,MR,RANGE
train,20170922,151300,153600,2017-09-22 15:13:00,2017-09-22 15:36:00,27859.0,27877.0,1,16.0,800.0,23,mr_exit,MR,RANGE
train,20170922,160400,162600,2017-09-22 16:04:00,2017-09-22 16:26:00,27857.0,27775.0,1,-84.0,-4200.0,22,stop_loss,MR,RANGE
train,20170925,112700,162900,2017-09-25 11:27:00,2017-09-25 16:29:00,27543.0,27482.0,1,-63.0,-3150.0,242,session_end,MR,RANGE
train,20170926,102300,132200,2017-09-26 10:23:00,2017-09-26 13:22:00,27539.0,27456.0,1,-85.0,-4250.0,119,stop_loss,ORB,TREND
train,20170926,144800,161000,2017-09-26 14:48:00,2017-09-26 16:10:00,27492.0,27578.0,-1,-88.0,-4400.0,82,stop_loss,MR,RANGE
train,20170926,161100,162900,2017-09-26 16:11:00,2017-09-26 16:29:00,27567.0,27576.0,-1,-11.0,-550.0,18,session_end,MR,RANGE
train,20170927,114700,162900,2017-09-27 11:47:00,2017-09-27 16:29:00,27640.0,27660.0,-1,-22.0,-1100.0,222,session_end,MR,RANGE
train,20170928,135600,144000,2017-09-28 13:56:00,2017-09-28 14:40:00,27576.0,27543.0,-1,31.0,1550.0,44,mr_exit,MR,RANGE
train,20170928,152800,161200,2017-09-28 15:28:00,2017-09-28 16:12:00,27470.0,27350.0,-1,118.0,5900.0,44,take_profit,ORB,TREND
train,20170928,161300,162900,2017-09-28 16:13:00,2017-09-28 16:29:00,27348.0,27298.0,-1,48.0,2400.0,16,session_end,ORB,TREND
train,20170929,132200,150500,2017-09-29 13:22:00,2017-09-29 15:05:00,27477.0,27436.0,-1,39.0,1950.0,103,mr_exit,MR,RANGE
train,20170929,153100,162900,2017-09-29 15:31:00,2017-09-29 16:29:00,27465.0,27514.0,-1,-51.0,-2550.0,58,session_end,MR,RANGE
train,20171003,104500,153200,2017-10-03 10:45:00,2017-10-03 15:32:00,27971.0,28089.0,1,116.0,5800.0,227,take_profit,ORB,TREND
train,20171003,153300,162900,2017-10-03 15:33:00,2017-10-03 16:29:00,28091.0,28143.0,-1,-54.0,-2700.0,56,session_end,MR,RANGE
train,20171004,133000,162900,2017-10-04 13:30:00,2017-10-04 16:29:00,28337.0,28331.0,1,-8.0,-400.0,179,session_end,MR,RANGE
train,20171006,113900,162900,2017-10-06 11:39:00,2017-10-06 16:29:00,28458.0,28438.0,1,-22.0,-1100.0,230,session_end,MR,RANGE
train,20171009,132100,162900,2017-10-09 13:21:00,2017-10-09 16:29:00,28314.0,28345.0,1,29.0,1450.0,188,session_end,MR,RANGE
train,20171010,133300,162900,2017-10-10 13:33:00,2017-10-10 16:29:00,28401.0,28447.0,1,44.0,2200.0,176,session_end,ORB,TREND
train,20171011,112900,154500,2017-10-11 11:29:00,2017-10-11 15:45:00,28443.0,28358.0,1,-87.0,-4350.0,196,stop_loss,MR,RANGE
train,20171011,154600,162900,2017-10-11 15:46:00,2017-10-11 16:29:00,28349.0,28325.0,-1,22.0,1100.0,43,session_end,ORB,TREND
train,20171012,130400,155200,2017-10-12 13:04:00,2017-10-12 15:52:00,28502.0,28453.0,-1,47.0,2350.0,168,mr_exit,MR,RANGE
train,20171013,115600,162900,2017-10-13 11:56:00,2017-10-13 16:29:00,28456.0,28462.0,-1,-8.0,-400.0,213,session_end,MR,RANGE
train,20171016,103300,145100,2017-10-16 10:33:00,2017-10-16 14:51:00,28804.0,28721.0,1,-85.0,-4250.0,198,stop_loss,ORB,TREND
train,20171016,151000,162700,2017-10-16 15:10:00,2017-10-16 16:27:00,28679.0,28713.0,1,32.0,1600.0,77,mr_exit,MR,RANGE
train,20171017,132900,140000,2017-10-17 13:29:00,2017-10-17 14:00:00,28725.0,28696.0,-1,27.0,1350.0,31,mr_exit,MR,RANGE
train,20171018,151700,154000,2017-10-18 15:17:00,2017-10-18 15:40:00,28702.0,28683.0,-1,17.0,850.0,23,mr_exit,MR,RANGE
train,20171019,114500,143800,2017-10-19 11:45:00,2017-10-19 14:38:00,28638.0,28545.0,1,-95.0,-4750.0,113,stop_loss,MR,RANGE
train,20171019,143900,151000,2017-10-19 14:39:00,2017-10-19 15:10:00,28524.0,28368.0,-1,154.0,7700.0,31,take_profit,ORB,TREND
train,20171019,151100,152300,2017-10-19 15:11:00,2017-10-19 15:23:00,28384.0,28259.0,-1,123.0,6150.0,12,take_profit,ORB,TREND
train,20171020,115300,162500,2017-10-20 11:53:00,2017-10-20 16:25:00,28456.0,28422.0,-1,32.0,1600.0,212,mr_exit,MR,RANGE
train,20171023,113900,143500,2017-10-23 11:39:00,2017-10-23 14:35:00,28262.0,28321.0,1,57.0,2850.0,116,mr_exit,MR,RANGE
train,20171024,135300,141400,2017-10-24 13:53:00,2017-10-24 14:14:00,28210.0,28123.0,1,-89.0,-4450.0,21,stop_loss,MR,RANGE
train,20171024,141500,152200,2017-10-24 14:15:00,2017-10-24 15:22:00,28107.0,28193.0,-1,-88.0,-4400.0,67,stop_loss,ORB,TREND
train,20171024,162100,162900,2017-10-24 16:21:00,2017-10-24 16:29:00,28140.0,28156.0,1,14.0,700.0,8,session_end,MR,RANGE
train,20171025,114000,130800,2017-10-25 11:40:00,2017-10-25 13:08:00,28351.0,28295.0,-1,54.0,2700.0,28,mr_exit,MR,RANGE
train,20171025,131600,152700,2017-10-25 13:16:00,2017-10-25 15:27:00,28207.0,28289.0,-1,-84.0,-4200.0,131,stop_loss,ORB,TREND
train,20171026,114200,131700,2017-10-26 11:42:00,2017-10-26 13:17:00,28262.0,28209.0,-1,51.0,2550.0,35,mr_exit,MR,RANGE
train,20171026,161700,162900,2017-10-26 16:17:00,2017-10-26 16:29:00,28240.0,28280.0,-1,-42.0,-2100.0,12,session_end,MR,RANGE
train,20171027,130300,130900,2017-10-27 13:03:00,2017-10-27 13:09:00,28445.0,28401.0,-1,42.0,2100.0,6,mr_exit,MR,RANGE
train,20171027,131200,141300,2017-10-27 13:12:00,2017-10-27 14:13:00,28372.0,28391.0,1,17.0,850.0,61,mr_exit,MR,RANGE
train,20171030,133000,153300,2017-10-30 13:30:00,2017-10-30 15:33:00,28413.0,28329.0,1,-86.0,-4300.0,123,stop_loss,MR,RANGE
train,20171030,153400,162900,2017-10-30 15:34:00,2017-10-30 16:29:00,28317.0,28279.0,1,-40.0,-2000.0,55,session_end,MR,RANGE
train,20171031,114400,131500,2017-10-31 11:44:00,2017-10-31 13:15:00,28267.0,28232.0,-1,33.0,1650.0,31,mr_exit,MR,RANGE
train,20171031,133200,160800,2017-10-31 13:32:00,2017-10-31 16:08:00,28259.0,28255.0,-1,2.0,100.0,156,mr_exit,MR,RANGE
train,20171101,130200,131100,2017-11-01 13:02:00,2017-11-01 13:11:00,28377.0,28351.0,-1,24.0,1200.0,9,mr_exit,MR,RANGE
train,20171101,134500,151200,2017-11-01 13:45:00,2017-11-01 15:12:00,28412.0,28500.0,-1,-90.0,-4500.0,87,stop_loss,MR,RANGE
train,20171101,151300,154300,2017-11-01 15:13:00,2017-11-01 15:43:00,28482.0,28566.0,-1,-86.0,-4300.0,30,stop_loss,MR,RANGE
train,20171102,145600,150900,2017-11-02 14:56:00,2017-11-02 15:09:00,28559.0,28523.0,-1,34.0,1700.0,13,mr_exit,MR,RANGE
train,20171103,111500,115100,2017-11-03 11:15:00,2017-11-03 11:51:00,28595.0,28568.0,-1,25.0,1250.0,36,mr_exit,MR,RANGE
train,20171103,134500,155900,2017-11-03 13:45:00,2017-11-03 15:59:00,28593.0,28582.0,-1,9.0,450.0,134,mr_exit,MR,RANGE
train,20171103,161300,162800,2017-11-03 16:13:00,2017-11-03 16:28:00,28552.0,28563.0,1,9.0,450.0,15,mr_exit,MR,RANGE
train,20171106,140500,152600,2017-11-06 14:05:00,2017-11-06 15:26:00,28516.0,28602.0,-1,-88.0,-4400.0,81,stop_loss,MR,RANGE
train,20171106,152700,162900,2017-11-06 15:27:00,2017-11-06 16:29:00,28621.0,28611.0,1,-12.0,-600.0,62,session_end,ORB,TREND
train,20171107,112200,162900,2017-11-07 11:22:00,2017-11-07 16:29:00,28932.0,29004.0,-1,-74.0,-3700.0,247,session_end,MR,RANGE
train,20171108,111800,134000,2017-11-08 11:18:00,2017-11-08 13:40:00,29052.0,28997.0,-1,53.0,2650.0,82,mr_exit,MR,RANGE
train,20171108,154000,162900,2017-11-08 15:40:00,2017-11-08 16:29:00,28925.0,28951.0,1,24.0,1200.0,49,session_end,MR,RANGE
train,20171109,114400,130100,2017-11-09 11:44:00,2017-11-09 13:01:00,29141.0,29065.0,-1,74.0,3700.0,17,mr_exit,MR,RANGE
train,20171109,162600,162900,2017-11-09 16:26:00,2017-11-09 16:29:00,29132.0,29132.0,-1,-2.0,-100.0,3,session_end,MR,RANGE
train,20171110,130400,140100,2017-11-10 13:04:00,2017-11-10 14:01:00,29166.0,29079.0,-1,85.0,4250.0,57,mr_exit,MR,RANGE
train,20171113,130100,134200,2017-11-13 13:01:00,2017-11-13 13:42:00,29166.0,29143.0,-1,21.0,1050.0,41,mr_exit,MR,RANGE
train,20171113,145100,162900,2017-11-13 14:51:00,2017-11-13 16:29:00,29162.0,29195.0,-1,-35.0,-1750.0,98,session_end,MR,RANGE
train,20171114,140300,162900,2017-11-14 14:03:00,2017-11-14 16:29:00,29157.0,29174.0,1,15.0,750.0,146,session_end,MR,RANGE
train,20171115,115300,162900,2017-11-15 11:53:00,2017-11-15 16:29:00,28935.0,28892.0,1,-45.0,-2250.0,216,session_end,MR,RANGE
train,20171116,134700,162900,2017-11-16 13:47:00,2017-11-16 16:29:00,29003.0,29060.0,-1,-59.0,-2950.0,162,session_end,MR,RANGE
train,20171117,150200,162900,2017-11-17 15:02:00,2017-11-17 16:29:00,29199.0,29190.0,1,-11.0,-550.0,87,session_end,MR,RANGE
train,20171120,115600,132800,2017-11-20 11:56:00,2017-11-20 13:28:00,29116.0,29138.0,1,20.0,1000.0,32,mr_exit,MR,RANGE
train,20171120,151100,162900,2017-11-20 15:11:00,2017-11-20 16:29:00,29207.0,29208.0,-1,-3.0,-150.0,78,session_end,MR,RANGE
train,20171121,113200,115600,2017-11-21 11:32:00,2017-11-21 11:56:00,29537.0,29621.0,-1,-86.0,-4300.0,24,stop_loss,MR,RANGE
train,20171121,115700,131100,2017-11-21 11:57:00,2017-11-21 13:11:00,29604.0,29694.0,-1,-92.0,-4600.0,14,stop_loss,MR,RANGE
train,20171121,131200,140200,2017-11-21 13:12:00,2017-11-21 14:02:00,29710.0,29625.0,1,-87.0,-4350.0,50,stop_loss,ORB,TREND
train,20171122,135300,141200,2017-11-22 13:53:00,2017-11-22 14:12:00,30034.0,29939.0,1,-97.0,-4850.0,19,stop_loss,MR,RANGE
train,20171122,141300,151500,2017-11-22 14:13:00,2017-11-22 15:15:00,29948.0,30066.0,1,116.0,5800.0,62,take_profit,MR,RANGE
train,20171122,162200,162900,2017-11-22 16:22:00,2017-11-22 16:29:00,30023.0,30039.0,1,14.0,700.0,7,session_end,MR,RANGE
train,20171123,141600,143700,2017-11-23 14:16:00,2017-11-23 14:37:00,30022.0,29926.0,1,-98.0,-4900.0,21,stop_loss,MR,RANGE
train,20171123,143800,145000,2017-11-23 14:38:00,2017-11-23 14:50:00,29947.0,29859.0,1,-90.0,-4500.0,12,stop_loss,MR,RANGE
train,20171123,145100,152400,2017-11-23 14:51:00,2017-11-23 15:24:00,29889.0,29786.0,1,-105.0,-5250.0,33,stop_loss,MR,RANGE
train,20171124,140400,162900,2017-11-24 14:04:00,2017-11-24 16:29:00,29916.0,29909.0,-1,5.0,250.0,145,session_end,MR,RANGE
train,20171127,133200,145900,2017-11-27 13:32:00,2017-11-27 14:59:00,29695.0,29737.0,1,40.0,2000.0,87,mr_exit,MR,RANGE
train,20171128,115300,130900,2017-11-28 11:53:00,2017-11-28 13:09:00,29485.0,29404.0,1,-83.0,-4150.0,16,stop_loss,MR,RANGE
train,20171128,131000,134400,2017-11-28 13:10:00,2017-11-28 13:44:00,29390.0,29512.0,1,120.0,6000.0,34,take_profit,MR,RANGE
train,20171129,114500,134900,2017-11-29 11:45:00,2017-11-29 13:49:00,29628.0,29678.0,1,48.0,2400.0,64,mr_exit,MR,RANGE
train,20171129,155700,162900,2017-11-29 15:57:00,2017-11-29 16:29:00,29643.0,29663.0,1,18.0,900.0,32,session_end,MR,RANGE
train,20171130,134900,143200,2017-11-30 13:49:00,2017-11-30 14:32:00,29253.0,29142.0,1,-113.0,-5650.0,43,stop_loss,MR,RANGE
train,20171130,143300,151000,2017-11-30 14:33:00,2017-11-30 15:10:00,29159.0,29280.0,1,119.0,5950.0,37,take_profit,MR,RANGE
train,20171201,134600,150700,2017-12-01 13:46:00,2017-12-01 15:07:00,29158.0,29225.0,1,65.0,3250.0,81,mr_exit,MR,RANGE
train,20171201,154100,162900,2017-12-01 15:41:00,2017-12-01 16:29:00,29144.0,29123.0,1,-23.0,-1150.0,48,session_end,MR,RANGE
train,20171204,113100,133500,2017-12-04 11:31:00,2017-12-04 13:35:00,29333.0,29241.0,1,-94.0,-4700.0,64,stop_loss,ORB,TREND
train,20171204,133600,144000,2017-12-04 13:36:00,2017-12-04 14:40:00,29230.0,29311.0,-1,-83.0,-4150.0,64,stop_loss,MR,RANGE
train,20171204,144100,160900,2017-12-04 14:41:00,2017-12-04 16:09:00,29301.0,29181.0,-1,118.0,5900.0,88,take_profit,MR,RANGE
train,20171205,140500,154600,2017-12-05 14:05:00,2017-12-05 15:46:00,29001.0,28907.0,1,-96.0,-4800.0,101,stop_loss,MR,RANGE
train,20171205,154700,162900,2017-12-05 15:47:00,2017-12-05 16:29:00,28898.0,28887.0,1,-13.0,-650.0,42,session_end,MR,RANGE
train,20171206,104600,110000,2017-12-06 10:46:00,2017-12-06 11:00:00,28674.0,28547.0,-1,125.0,6250.0,14,take_profit,ORB,TREND
train,20171206,110100,110300,2017-12-06 11:01:00,2017-12-06 11:03:00,28543.0,28420.0,-1,121.0,6050.0,2,take_profit,ORB,TREND
train,20171206,110400,110700,2017-12-06 11:04:00,2017-12-06 11:07:00,28456.0,28519.0,-1,-65.0,-3250.0,3,regime_extreme,ORB,TREND
train,20171208,112700,132800,2017-12-08 11:27:00,2017-12-08 13:28:00,28515.0,28600.0,-1,-87.0,-4350.0,61,stop_loss,MR,RANGE
train,20171208,133000,150300,2017-12-08 13:30:00,2017-12-08 15:03:00,28585.0,28674.0,-1,-91.0,-4550.0,93,stop_loss,MR,RANGE
train,20171208,150400,162900,2017-12-08 15:04:00,2017-12-08 16:29:00,28666.0,28627.0,-1,37.0,1850.0,85,session_end,MR,RANGE
train,20171211,133500,142100,2017-12-11 13:35:00,2017-12-11 14:21:00,28783.0,28867.0,-1,-86.0,-4300.0,46,stop_loss,MR,RANGE
train,20171211,142200,151700,2017-12-11 14:22:00,2017-12-11 15:17:00,28866.0,28948.0,-1,-84.0,-4200.0,55,stop_loss,MR,RANGE
train,20171211,151800,162900,2017-12-11 15:18:00,2017-12-11 16:29:00,28957.0,28921.0,-1,34.0,1700.0,71,session_end,MR,RANGE
train,20171212,111900,112800,2017-12-12 11:19:00,2017-12-12 11:28:00,28887.0,28797.0,1,-92.0,-4600.0,9,stop_loss,MR,RANGE
train,20171212,112900,141000,2017-12-12 11:29:00,2017-12-12 14:10:00,28824.0,28898.0,1,72.0,3600.0,101,mr_exit,MR,RANGE
train,20171212,143300,152800,2017-12-12 14:33:00,2017-12-12 15:28:00,28842.0,28747.0,1,-97.0,-4850.0,55,stop_loss,MR,RANGE
train,20171213,130900,133200,2017-12-13 13:09:00,2017-12-13 13:32:00,28923.0,29016.0,-1,-95.0,-4750.0,23,stop_loss,MR,RANGE
train,20171213,133300,134000,2017-12-13 13:33:00,2017-12-13 13:40:00,29009.0,29128.0,1,117.0,5850.0,7,take_profit,ORB,TREND
train,20171213,134100,142200,2017-12-13 13:41:00,2017-12-13 14:22:00,29120.0,29238.0,1,116.0,5800.0,41,take_profit,ORB,TREND
train,20171214,130700,134000,2017-12-14 13:07:00,2017-12-14 13:40:00,29156.0,29068.0,1,-90.0,-4500.0,33,stop_loss,MR,RANGE
train,20171214,134100,143100,2017-12-14 13:41:00,2017-12-14 14:31:00,29058.0,29139.0,-1,-83.0,-4150.0,50,stop_loss,ORB,TREND
train,20171214,145700,162300,2017-12-14 14:57:00,2017-12-14 16:23:00,29129.0,29205.0,1,74.0,3700.0,86,mr_exit,MR,RANGE
train,20171215,114700,152200,2017-12-15 11:47:00,2017-12-15 15:22:00,28798.0,28864.0,1,64.0,3200.0,155,mr_exit,MR,RANGE
train,20171218,142800,145400,2017-12-18 14:28:00,2017-12-18 14:54:00,29060.0,29148.0,-1,-90.0,-4500.0,26,stop_loss,MR,RANGE
train,20171218,145500,162900,2017-12-18 14:55:00,2017-12-18 16:29:00,29131.0,29125.0,-1,4.0,200.0,94,session_end,MR,RANGE
train,20171219,131400,153400,2017-12-19 13:14:00,2017-12-19 15:34:00,29360.0,29272.0,-1,86.0,4300.0,140,mr_exit,MR,RANGE
train,20171219,154600,162900,2017-12-19 15:46:00,2017-12-19 16:29:00,29220.0,29252.0,1,30.0,1500.0,43,session_end,MR,RANGE
train,20171220,143500,151200,2017-12-20 14:35:00,2017-12-20 15:12:00,29210.0,29258.0,1,46.0,2300.0,37,mr_exit,MR,RANGE
train,20171220,161000,162900,2017-12-20 16:10:00,2017-12-20 16:29:00,29304.0,29294.0,-1,8.0,400.0,19,session_end,MR,RANGE
train,20171221,111000,162900,2017-12-21 11:10:00,2017-12-21 16:29:00,29377.0,29356.0,1,-23.0,-1150.0,259,session_end,ORB,TREND
train,20171222,153500,161500,2017-12-22 15:35:00,2017-12-22 16:15:00,29517.0,29606.0,-1,-91.0,-4550.0,40,stop_loss,MR,RANGE
train,20171227,115200,130800,2017-12-27 11:52:00,2017-12-27 13:08:00,29586.0,29626.0,1,38.0,1900.0,16,mr_exit,MR,RANGE
train,20171227,143700,155400,2017-12-27 14:37:00,2017-12-27 15:54:00,29591.0,29618.0,1,25.0,1250.0,77,mr_exit,MR,RANGE
train,20171228,105100,162900,2017-12-28 10:51:00,2017-12-28 16:29:00,29854.0,29941.0,1,85.0,4250.0,278,session_end,ORB,TREND
train,20171229,160500,161100,2017-12-29 16:05:00,2017-12-29 16:11:00,29993.0,29966.0,-1,25.0,1250.0,6,mr_exit,MR,RANGE
train,20180102,101500,101700,2018-01-02 10:15:00,2018-01-02 10:17:00,30381.0,30426.0,1,43.0,2150.0,2,regime_extreme,ORB,TREND
train,20180102,113100,151400,2018-01-02 11:31:00,2018-01-02 15:14:00,30465.0,30548.0,-1,-85.0,-4250.0,163,stop_loss,MR,RANGE
train,20180102,151500,162900,2018-01-02 15:15:00,2018-01-02 16:29:00,30537.0,30538.0,-1,-3.0,-150.0,74,session_end,MR,RANGE
train,20180103,133800,162900,2018-01-03 13:38:00,2018-01-03 16:29:00,30579.0,30608.0,1,27.0,1350.0,171,session_end,MR,RANGE
train,20180104,131500,141200,2018-01-04 13:15:00,2018-01-04 14:12:00,30755.0,30696.0,-1,57.0,2850.0,57,mr_exit,MR,RANGE
train,20180104,144800,162900,2018-01-04 14:48:00,2018-01-04 16:29:00,30763.0,30746.0,-1,15.0,750.0,101,session_end,MR,RANGE
train,20180105,135200,155900,2018-01-05 13:52:00,2018-01-05 15:59:00,30748.0,30783.0,1,33.0,1650.0,127,mr_exit,MR,RANGE
train,20180108,131800,141400,2018-01-08 13:18:00,2018-01-08 14:14:00,30751.0,30804.0,1,51.0,2550.0,56,mr_exit,MR,RANGE
train,20180108,150200,162100,2018-01-08 15:02:00,2018-01-08 16:21:00,30843.0,30824.0,-1,17.0,850.0,79,mr_exit,MR,RANGE
train,20180109,113000,162900,2018-01-09 11:30:00,2018-01-09 16:29:00,31018.0,30992.0,-1,24.0,1200.0,239,session_end,MR,RANGE
train,20180110,112700,113800,2018-01-10 11:27:00,2018-01-10 11:38:00,31100.0,31235.0,-1,-137.0,-6850.0,11,stop_loss,MR,RANGE
train,20180110,113900,131600,2018-01-10 11:39:00,2018-01-10 13:16:00,31220.0,31130.0,1,-92.0,-4600.0,37,stop_loss,ORB,TREND
train,20180111,153000,162900,2018-01-11 15:30:00,2018-01-11 16:29:00,31101.0,31107.0,-1,-8.0,-400.0,59,session_end,MR,RANGE
train,20180112,115000,132900,2018-01-12 11:50:00,2018-01-12 13:29:00,31219.0,31280.0,1,59.0,2950.0,39,mr_exit,MR,RANGE
train,20180112,151000,162900,2018-01-12 15:10:00,2018-01-12 16:29:00,31363.0,31389.0,-1,-28.0,-1400.0,79,session_end,MR,RANGE
train,20180115,133000,135600,2018-01-15 13:30:00,2018-01-15 13:56:00,31677.0,31636.0,-1,39.0,1950.0,26,mr_exit,MR,RANGE
train,20180115,144200,150100,2018-01-15 14:42:00,2018-01-15 15:01:00,31567.0,31401.0,-1,164.0,8200.0,19,take_profit,ORB,TREND
train,20180115,150200,162900,2018-01-15 15:02:00,2018-01-15 16:29:00,31379.0,31315.0,-1,62.0,3100.0,87,session_end,ORB,TREND
train,20180116,114000,144200,2018-01-16 11:40:00,2018-01-16 14:42:00,31747.0,31829.0,-1,-84.0,-4200.0,122,stop_loss,MR,RANGE
train,20180116,144300,161100,2018-01-16 14:43:00,2018-01-16 16:11:00,31816.0,31904.0,-1,-90.0,-4500.0,88,stop_loss,MR,RANGE
train,20180116,161200,162900,2018-01-16 16:12:00,2018-01-16 16:29:00,31908.0,31918.0,-1,-12.0,-600.0,17,session_end,MR,RANGE
train,20180117,150100,155500,2018-01-17 15:01:00,2018-01-17 15:55:00,31864.0,31952.0,-1,-90.0,-4500.0,54,stop_loss,MR,RANGE
train,20180117,155600,162900,2018-01-17 15:56:00,2018-01-17 16:29:00,31938.0,31969.0,-1,-33.0,-1650.0,33,session_end,MR,RANGE
train,20180118,111600,131800,2018-01-18 11:16:00,2018-01-18 13:18:00,32040.0,31937.0,1,-105.0,-5250.0,62,stop_loss,MR,RANGE
train,20180118,131900,132900,2018-01-18 13:19:00,2018-01-18 13:29:00,31970.0,31887.0,1,-85.0,-4250.0,10,stop_loss,MR,RANGE
train,20180118,133000,144600,2018-01-18 13:30:00,2018-01-18 14:46:00,31914.0,32035.0,1,119.0,5950.0,76,take_profit,MR,RANGE
train,20180119,131400,143900,2018-01-19 13:14:00,2018-01-19 14:39:00,32144.0,32110.0,-1,32.0,1600.0,85,mr_exit,MR,RANGE
train,20180119,153600,162900,2018-01-19 15:36:00,2018-01-19 16:29:00,32169.0,32241.0,-1,-74.0,-3700.0,53,session_end,MR,RANGE
train,20180122,131200,134300,2018-01-22 13:12:00,2018-01-22 13:43:00,32226.0,32314.0,-1,-90.0,-4500.0,31,stop_loss,MR,RANGE
train,20180122,134400,162900,2018-01-22 13:44:00,2018-01-22 16:29:00,32316.0,32353.0,-1,-39.0,-1950.0,165,session_end,MR,RANGE
train,20180123,111400,134700,2018-01-23 11:14:00,2018-01-23 13:47:00,32798.0,32689.0,-1,107.0,5350.0,93,mr_exit,MR,RANGE
train,20180123,140600,142400,2018-01-23 14:06:00,2018-01-23 14:24:00,32788.0,32871.0,-1,-85.0,-4250.0,18,stop_loss,MR,RANGE
train,20180123,142500,162900,2018-01-23 14:25:00,2018-01-23 16:29:00,32857.0,32920.0,-1,-65.0,-3250.0,124,session_end,MR,RANGE
train,20180124,141500,162900,2018-01-24 14:15:00,2018-01-24 16:29:00,32931.0,32895.0,-1,34.0,1700.0,134,session_end,MR,RANGE
train,20180125,151000,151800,2018-01-25 15:10:00,2018-01-25 15:18:00,32770.0,32680.0,1,-92.0,-4600.0,8,stop_loss,MR,RANGE
train,20180125,151900,162900,2018-01-25 15:19:00,2018-01-25 16:29:00,32701.0,32683.0,1,-20.0,-1000.0,70,session_end,MR,RANGE
train,20180126,112400,113800,2018-01-26 11:24:00,2018-01-26 11:38:00,32969.0,33083.0,-1,-116.0,-5800.0,14,stop_loss,MR,RANGE
train,20180126,113900,162900,2018-01-26 11:39:00,2018-01-26 16:29:00,33097.0,33184.0,1,85.0,4250.0,230,session_end,ORB,TREND
train,20180129,111400,112000,2018-01-29 11:14:00,2018-01-29 11:20:00,33183.0,33071.0,1,-114.0,-5700.0,6,stop_loss,MR,RANGE
train,20180129,112100,115100,2018-01-29 11:21:00,2018-01-29 11:51:00,33061.0,33143.0,-1,-84.0,-4200.0,30,stop_loss,ORB,TREND
train,20180129,135000,140900,2018-01-29 13:50:00,2018-01-29 14:09:00,33052.0,32957.0,1,-97.0,-4850.0,19,stop_loss,MR,RANGE
train,20180130,112700,114300,2018-01-30 11:27:00,2018-01-30 11:43:00,32752.0,32659.0,1,-95.0,-4750.0,16,stop_loss,MR,RANGE
train,20180130,114400,130300,2018-01-30 11:44:00,2018-01-30 13:03:00,32671.0,32548.0,-1,121.0,6050.0,19,take_profit,ORB,TREND
train,20180130,130400,131300,2018-01-30 13:04:00,2018-01-30 13:13:00,32546.0,32552.0,-1,-8.0,-400.0,9,regime_extreme,ORB,TREND
train,20180131,112000,133900,2018-01-31 11:20:00,2018-01-31 13:39:00,32718.0,32599.0,-1,117.0,5850.0,79,take_profit,MR,RANGE
train,20180131,144100,153800,2018-01-31 14:41:00,2018-01-31 15:38:00,32722.0,32809.0,-1,-89.0,-4450.0,57,stop_loss,MR,RANGE
train,20180131,153900,160100,2018-01-31 15:39:00,2018-01-31 16:01:00,32823.0,32910.0,-1,-89.0,-4450.0,22,stop_loss,MR,RANGE
train,20180201,115900,133200,2018-02-01 11:59:00,2018-02-01 13:32:00,32660.0,32783.0,1,121.0,6050.0,33,take_profit,MR,RANGE
train,20180201,135500,150300,2018-02-01 13:55:00,2018-02-01 15:03:00,32703.0,32810.0,1,105.0,5250.0,68,mr_exit,MR,RANGE
train,20180201,151800,155900,2018-02-01 15:18:00,2018-02-01 15:59:00,32709.0,32617.0,1,-94.0,-4700.0,41,stop_loss,MR,RANGE
train,20180202,142000,150100,2018-02-02 14:20:00,2018-02-02 15:01:00,32636.0,32720.0,-1,-86.0,-4300.0,41,stop_loss,MR,RANGE
train,20180202,150200,151800,2018-02-02 15:02:00,2018-02-02 15:18:00,32735.0,32617.0,-1,116.0,5800.0,16,take_profit,MR,RANGE
train,20180205,113200,131200,2018-02-05 11:32:00,2018-02-05 13:12:00,31974.0,32064.0,-1,-92.0,-4600.0,40,stop_loss,MR,RANGE
train,20180205,131300,134100,2018-02-05 13:13:00,2018-02-05 13:41:00,32086.0,32167.0,-1,-83.0,-4150.0,28,stop_loss,MR,RANGE
train,20180205,134200,152200,2018-02-05 13:42:00,2018-02-05 15:22:00,32160.0,32287.0,1,125.0,6250.0,100,take_profit,ORB,TREND
train,20180206,115100,131100,2018-02-06 11:51:00,2018-02-06 13:11:00,30616.0,30778.0,1,160.0,8000.0,20,take_profit,MR,RANGE
train,20180207,105900,111000,2018-02-07 10:59:00,2018-02-07 11:10:00,30955.0,30966.0,-1,-13.0,-650.0,11,regime_extreme,ORB,TREND
train,20180207,134200,135500,2018-02-07 13:42:00,2018-02-07 13:55:00,30747.0,30636.0,1,-113.0,-5650.0,13,stop_loss,MR,RANGE
train,20180207,135600,135800,2018-02-07 13:56:00,2018-02-07 13:58:00,30638.0,30567.0,1,-73.0,-3650.0,2,regime_extreme,MR,RANGE
train,20180208,153500,154100,2018-02-08 15:35:00,2018-02-08 15:41:00,30232.0,30231.0,1,-3.0,-150.0,6,regime_extreme,MR,RANGE
train,20180212,154000,155400,2018-02-12 15:40:00,2018-02-12 15:54:00,29513.0,29415.0,1,-100.0,-5000.0,14,stop_loss,MR,RANGE
train,20180212,155500,160600,2018-02-12 15:55:00,2018-02-12 16:06:00,29446.0,29343.0,1,-105.0,-5250.0,11,stop_loss,MR,RANGE
train,20180213,150100,162900,2018-02-13 15:01:00,2018-02-13 16:29:00,29727.0,29683.0,1,-46.0,-2300.0,88,session_end,MR,RANGE
train,20180214,131400,134600,2018-02-14 13:14:00,2018-02-14 13:46:00,30032.0,30118.0,-1,-88.0,-4400.0,32,stop_loss,MR,RANGE
train,20180214,141800,142500,2018-02-14 14:18:00,2018-02-14 14:25:00,30136.0,30249.0,-1,-115.0,-5750.0,7,stop_loss,MR,RANGE
train,20180220,154700,162900,2018-02-20 15:47:00,2018-02-20 16:29:00,30775.0,30753.0,1,-24.0,-1200.0,42,session_end,MR,RANGE
train,20180221,132700,140100,2018-02-21 13:27:00,2018-02-21 14:01:00,31100.0,31181.0,-1,-83.0,-4150.0,34,stop_loss,MR,RANGE
train,20180221,140200,142500,2018-02-21 14:02:00,2018-02-21 14:25:00,31172.0,31256.0,-1,-86.0,-4300.0,23,stop_loss,MR,RANGE
train,20180221,142600,150100,2018-02-21 14:26:00,2018-02-21 15:01:00,31227.0,31321.0,-1,-96.0,-4800.0,35,stop_loss,MR,RANGE
train,20180222,134100,144900,2018-02-22 13:41:00,2018-02-22 14:49:00,31104.0,31020.0,-1,82.0,4100.0,68,mr_exit,MR,RANGE
train,20180222,145000,150900,2018-02-22 14:50:00,2018-02-22 15:09:00,30987.0,31042.0,1,53.0,2650.0,19,mr_exit,MR,RANGE
train,20180222,161000,162900,2018-02-22 16:10:00,2018-02-22 16:29:00,30924.0,30944.0,1,18.0,900.0,19,session_end,MR,RANGE
train,20180223,113900,114900,2018-02-23 11:39:00,2018-02-23 11:49:00,31118.0,31202.0,-1,-86.0,-4300.0,10,stop_loss,ORB,TREND
train,20180223,161300,162900,2018-02-23 16:13:00,2018-02-23 16:29:00,31194.0,31165.0,1,-31.0,-1550.0,16,session_end,MR,RANGE
train,20180226,133800,161400,2018-02-26 13:38:00,2018-02-26 16:14:00,31489.0,31450.0,-1,37.0,1850.0,156,mr_exit,MR,RANGE
train,20180227,131700,141700,2018-02-27 13:17:00,2018-02-27 14:17:00,31449.0,31348.0,1,-103.0,-5150.0,60,stop_loss,MR,RANGE
train,20180227,141800,152000,2018-02-27 14:18:00,2018-02-27 15:20:00,31358.0,31264.0,1,-96.0,-4800.0,62,stop_loss,MR,RANGE
train,20180227,152100,153000,2018-02-27 15:21:00,2018-02-27 15:30:00,31270.0,31186.0,1,-86.0,-4300.0,9,stop_loss,MR,RANGE
train,20180228,111500,115100,2018-02-28 11:15:00,2018-02-28 11:51:00,30759.0,30670.0,1,-91.0,-4550.0,36,stop_loss,MR,RANGE
train,20180228,144800,160900,2018-02-28 14:48:00,2018-02-28 16:09:00,30750.0,30855.0,1,103.0,5150.0,81,mr_exit,MR,RANGE
train,20180301,144000,153400,2018-03-01 14:40:00,2018-03-01 15:34:00,30842.0,30939.0,-1,-99.0,-4950.0,54,stop_loss,MR,RANGE
train,20180301,153500,154700,2018-03-01 15:35:00,2018-03-01 15:47:00,30925.0,31017.0,-1,-94.0,-4700.0,12,stop_loss,MR,RANGE
train,20180301,154800,162900,2018-03-01 15:48:00,2018-03-01 16:29:00,31029.0,31018.0,-1,9.0,450.0,41,session_end,MR,RANGE
train,20180302,162100,162900,2018-03-02 16:21:00,2018-03-02 16:29:00,30577.0,30555.0,-1,20.0,1000.0,8,session_end,MR,RANGE
train,20180305,132700,151500,2018-03-05 13:27:00,2018-03-05 15:15:00,30133.0,30043.0,1,-92.0,-4600.0,108,stop_loss,MR,RANGE
train,20180305,151600,152200,2018-03-05 15:16:00,2018-03-05 15:22:00,30036.0,29910.0,1,-128.0,-6400.0,6,stop_loss,MR,RANGE
train,20180306,144100,145700,2018-03-06 14:41:00,2018-03-06 14:57:00,30462.0,30548.0,-1,-88.0,-4400.0,16,stop_loss,MR,RANGE
train,20180306,145800,162900,2018-03-06 14:58:00,2018-03-06 16:29:00,30559.0,30471.0,-1,86.0,4300.0,91,session_end,MR,RANGE
train,20180307,131200,135100,2018-03-07 13:12:00,2018-03-07 13:51:00,30264.0,30171.0,1,-95.0,-4750.0,39,stop_loss,MR,RANGE
train,20180307,140700,162900,2018-03-07 14:07:00,2018-03-07 16:29:00,30146.0,30212.0,1,64.0,3200.0,142,session_end,MR,RANGE
train,20180308,143900,144900,2018-03-08 14:39:00,2018-03-08 14:49:00,30637.0,30728.0,-1,-93.0,-4650.0,10,stop_loss,MR,RANGE
train,20180308,145000,154600,2018-03-08 14:50:00,2018-03-08 15:46:00,30728.0,30640.0,1,-90.0,-4500.0,56,stop_loss,ORB,TREND
train,20180308,161100,162900,2018-03-08 16:11:00,2018-03-08 16:29:00,30678.0,30652.0,-1,24.0,1200.0,18,session_end,MR,RANGE
train,20180309,141900,151800,2018-03-09 14:19:00,2018-03-09 15:18:00,30978.0,30932.0,-1,44.0,2200.0,59,mr_exit,MR,RANGE
train,20180309,155900,162900,2018-03-09 15:59:00,2018-03-09 16:29:00,30982.0,30996.0,-1,-16.0,-800.0,30,session_end,MR,RANGE
train,20180312,141700,150500,2018-03-12 14:17:00,2018-03-12 15:05:00,31532.0,31611.0,-1,-81.0,-4050.0,48,stop_loss,MR,RANGE
train,20180312,150600,162900,2018-03-12 15:06:00,2018-03-12 16:29:00,31622.0,31589.0,-1,31.0,1550.0,83,session_end,MR,RANGE
train,20180313,145200,152900,2018-03-13 14:52:00,2018-03-13 15:29:00,31527.0,31578.0,1,49.0,2450.0,37,mr_exit,MR,RANGE
train,20180314,115500,130200,2018-03-14 11:55:00,2018-03-14 13:02:00,31180.0,31227.0,1,45.0,2250.0,7,mr_exit,MR,RANGE
train,20180314,131900,152900,2018-03-14 13:19:00,2018-03-14 15:29:00,31169.0,31216.0,1,45.0,2250.0,130,mr_exit,MR,RANGE
train,20180314,153300,154600,2018-03-14 15:33:00,2018-03-14 15:46:00,31286.0,31372.0,-1,-88.0,-4400.0,13,stop_loss,MR,RANGE
train,20180315,102800,105400,2018-03-15 10:28:00,2018-03-15 10:54:00,31377.0,31518.0,1,139.0,6950.0,26,take_profit,ORB,TREND
train,20180315,105500,111600,2018-03-15 10:55:00,2018-03-15 11:16:00,31532.0,31443.0,1,-91.0,-4550.0,21,stop_loss,ORB,TREND
train,20180315,133200,144300,2018-03-15 13:32:00,2018-03-15 14:43:00,31437.0,31533.0,-1,-98.0,-4900.0,71,stop_loss,MR,RANGE
train,20180316,130800,144400,2018-03-16 13:08:00,2018-03-16 14:44:00,31507.0,31430.0,-1,75.0,3750.0,96,mr_exit,MR,RANGE
train,20180319,103300,130100,2018-03-19 10:33:00,2018-03-19 13:01:00,31588.0,31506.0,1,-84.0,-4200.0,88,stop_loss,ORB,TREND
train,20180319,141200,161800,2018-03-19 14:12:00,2018-03-19 16:18:00,31577.0,31509.0,-1,66.0,3300.0,126,mr_exit,MR,RANGE
train,20180319,162900,162900,2018-03-19 16:29:00,2018-03-19 16:29:00,31414.0,31391.0,1,-25.0,-1250.0,0,session_end,MR,RANGE
train,20180320,140400,144400,2018-03-20 14:04:00,2018-03-20 14:44:00,31469.0,31575.0,-1,-108.0,-5400.0,40,stop_loss,MR,RANGE
train,20180320,144500,154700,2018-03-20 14:45:00,2018-03-20 15:47:00,31569.0,31479.0,1,-92.0,-4600.0,62,stop_loss,ORB,TREND
train,20180321,115100,133400,2018-03-21 11:51:00,2018-03-21 13:34:00,31967.0,31905.0,-1,60.0,3000.0,43,mr_exit,MR,RANGE
train,20180321,141000,141700,2018-03-21 14:10:00,2018-03-21 14:17:00,31824.0,31720.0,1,-106.0,-5300.0,7,stop_loss,MR,RANGE
train,20180321,143300,144700,2018-03-21 14:33:00,2018-03-21 14:47:00,31655.0,31527.0,-1,126.0,6300.0,14,take_profit,ORB,TREND
train,20180322,103700,103800,2018-03-22 10:37:00,2018-03-22 10:38:00,31260.0,31328.0,-1,-70.0,-3500.0,1,regime_extreme,ORB,TREND
train,20180322,104400,104800,2018-03-22 10:44:00,2018-03-22 10:48:00,31292.0,31194.0,-1,96.0,4800.0,4,regime_extreme,ORB,TREND
train,20180322,132800,134100,2018-03-22 13:28:00,2018-03-22 13:41:00,31258.0,31388.0,1,128.0,6400.0,13,take_profit,MR,RANGE
train,20180323,141300,150100,2018-03-23 14:13:00,2018-03-23 15:01:00,29982.0,30090.0,1,106.0,5300.0,48,mr_exit,MR,RANGE
train,20180323,155400,161900,2018-03-23 15:54:00,2018-03-23 16:19:00,30303.0,30166.0,-1,135.0,6750.0,25,take_profit,MR,RANGE
train,20180326,111400,114000,2018-03-26 11:14:00,2018-03-26 11:40:00,30012.0,30136.0,1,122.0,6100.0,26,take_profit,MR,RANGE
train,20180326,144600,150600,2018-03-26 14:46:00,2018-03-26 15:06:00,30317.0,30408.0,-1,-93.0,-4650.0,20,stop_loss,MR,RANGE
train,20180326,150700,155200,2018-03-26 15:07:00,2018-03-26 15:52:00,30415.0,30506.0,-1,-93.0,-4650.0,45,stop_loss,MR,RANGE
train,20180327,155000,162900,2018-03-27 15:50:00,2018-03-27 16:29:00,30770.0,30786.0,1,14.0,700.0,39,session_end,MR,RANGE
train,20180328,112300,132700,2018-03-28 11:23:00,2018-03-28 13:27:00,30286.0,30196.0,1,-92.0,-4600.0,64,stop_loss,MR,RANGE
train,20180328,132800,143500,2018-03-28 13:28:00,2018-03-28 14:35:00,30167.0,30313.0,1,144.0,7200.0,67,take_profit,MR,RANGE
train,20180328,144300,152200,2018-03-28 14:43:00,2018-03-28 15:22:00,30234.0,30132.0,1,-104.0,-5200.0,39,stop_loss,MR,RANGE
train,20180329,133800,142400,2018-03-29 13:38:00,2018-03-29 14:24:00,30044.0,30137.0,-1,-95.0,-4750.0,46,stop_loss,MR,RANGE
train,20180329,143800,145500,2018-03-29 14:38:00,2018-03-29 14:55:00,30177.0,30047.0,-1,128.0,6400.0,17,take_profit,MR,RANGE
train,20180329,153400,160900,2018-03-29 15:34:00,2018-03-29 16:09:00,30086.0,29980.0,-1,104.0,5200.0,35,mr_exit,MR,RANGE
train,20180403,141000,142200,2018-04-03 14:10:00,2018-04-03 14:22:00,29942.0,30046.0,-1,-106.0,-5300.0,12,stop_loss,MR,RANGE
train,20180403,142300,150200,2018-04-03 14:23:00,2018-04-03 15:02:00,30041.0,30172.0,1,129.0,6450.0,39,take_profit,ORB,TREND
train,20180403,150300,162200,2018-04-03 15:03:00,2018-04-03 16:22:00,30225.0,30140.0,1,-87.0,-4350.0,79,stop_loss,ORB,TREND
train,20180404,113500,135000,2018-04-04 11:35:00,2018-04-04 13:50:00,30056.0,29970.0,1,-88.0,-4400.0,75,stop_loss,MR,RANGE
train,20180404,135100,142500,2018-04-04 13:51:00,2018-04-04 14:25:00,29971.0,29874.0,1,-99.0,-4950.0,34,stop_loss,MR,RANGE
train,20180404,142600,150800,2018-04-04 14:26:00,2018-04-04 15:08:00,29879.0,29740.0,-1,137.0,6850.0,42,take_profit,ORB,TREND
train,20180406,132300,133100,2018-04-06 13:23:00,2018-04-06 13:31:00,29701.0,29587.0,1,-116.0,-5800.0,8,stop_loss,MR,RANGE
train,20180406,133200,134900,2018-04-06 13:32:00,2018-04-06 13:49:00,29602.0,29706.0,-1,-106.0,-5300.0,17,stop_loss,ORB,TREND
train,20180409,111700,112600,2018-04-09 11:17:00,2018-04-09 11:26:00,30209.0,30300.0,-1,-93.0,-4650.0,9,stop_loss,MR,RANGE
train,20180409,112700,113400,2018-04-09 11:27:00,2018-04-09 11:34:00,30327.0,30439.0,1,110.0,5500.0,7,regime_extreme,ORB,TREND
train,20180409,150000,151100,2018-04-09 15:00:00,2018-04-09 15:11:00,30316.0,30175.0,-1,139.0,6950.0,11,take_profit,MR,RANGE
train,20180410,115100,134500,2018-04-10 11:51:00,2018-04-10 13:45:00,30593.0,30679.0,-1,-88.0,-4400.0,54,stop_loss,MR,RANGE
train,20180410,134600,141700,2018-04-10 13:46:00,2018-04-10 14:17:00,30659.0,30741.0,-1,-84.0,-4200.0,31,stop_loss,MR,RANGE
train,20180410,141800,162900,2018-04-10 14:18:00,2018-04-10 16:29:00,30750.0,30764.0,-1,-16.0,-800.0,131,session_end,MR,RANGE
train,20180411,134000,141300,2018-04-11 13:40:00,2018-04-11 14:13:00,30967.0,30863.0,-1,102.0,5100.0,33,mr_exit,MR,RANGE
train,20180412,112300,115300,2018-04-12 11:23:00,2018-04-12 11:53:00,30830.0,30745.0,1,-87.0,-4350.0,30,stop_loss,MR,RANGE
train,20180412,135000,140000,2018-04-12 13:50:00,2018-04-12 14:00:00,30793.0,30707.0,1,-88.0,-4400.0,10,stop_loss,MR,RANGE
train,20180412,140100,144600,2018-04-12 14:01:00,2018-04-12 14:46:00,30727.0,30632.0,1,-97.0,-4850.0,45,stop_loss,MR,RANGE
train,20180413,112100,113800,2018-04-13 11:21:00,2018-04-13 11:38:00,30715.0,30813.0,-1,-100.0,-5000.0,17,stop_loss,ORB,TREND
train,20180413,142800,150000,2018-04-13 14:28:00,2018-04-13 15:00:00,30798.0,30888.0,1,88.0,4400.0,32,mr_exit,MR,RANGE
train,20180413,153400,162900,2018-04-13 15:34:00,2018-04-13 16:29:00,30814.0,30848.0,1,32.0,1600.0,55,session_end,MR,RANGE
train,20180416,112300,113700,2018-04-16 11:23:00,2018-04-16 11:37:00,30278.0,30366.0,-1,-90.0,-4500.0,14,stop_loss,ORB,TREND
train,20180416,130500,151400,2018-04-16 13:05:00,2018-04-16 15:14:00,30290.0,30195.0,1,-97.0,-4850.0,129,stop_loss,MR,RANGE
train,20180416,151500,161100,2018-04-16 15:15:00,2018-04-16 16:11:00,30186.0,30308.0,1,120.0,6000.0,56,take_profit,MR,RANGE
train,20180417,145000,151700,2018-04-17 14:50:00,2018-04-17 15:17:00,30167.0,30084.0,1,-85.0,-4250.0,27,stop_loss,MR,RANGE
train,20180417,151800,162900,2018-04-17 15:18:00,2018-04-17 16:29:00,30073.0,30049.0,1,-26.0,-1300.0,71,session_end,MR,RANGE
train,20180418,102400,104400,2018-04-18 10:24:00,2018-04-18 10:44:00,30145.0,30028.0,-1,115.0,5750.0,20,take_profit,ORB,TREND
train,20180418,104500,104800,2018-04-18 10:45:00,2018-04-18 10:48:00,29990.0,30093.0,-1,-105.0,-5250.0,3,stop_loss,ORB,TREND
train,20180419,130900,141700,2018-04-19 13:09:00,2018-04-19 14:17:00,30755.0,30649.0,-1,104.0,5200.0,68,mr_exit,MR,RANGE
train,20180420,134100,152200,2018-04-20 13:41:00,2018-04-20 15:22:00,30533.0,30448.0,1,-87.0,-4350.0,101,stop_loss,MR,RANGE
train,20180420,152300,154100,2018-04-20 15:23:00,2018-04-20 15:41:00,30460.0,30373.0,1,-89.0,-4450.0,18,stop_loss,MR,RANGE
train,20180420,154200,162900,2018-04-20 15:42:00,2018-04-20 16:29:00,30353.0,30371.0,-1,-20.0,-1000.0,47,session_end,ORB,TREND
train,20180423,150000,152200,2018-04-23 15:00:00,2018-04-23 15:22:00,30370.0,30316.0,-1,52.0,2600.0,22,mr_exit,MR,RANGE
train,20180423,154000,162900,2018-04-23 15:40:00,2018-04-23 16:29:00,30221.0,30229.0,1,6.0,300.0,49,session_end,MR,RANGE
train,20180424,101600,102500,2018-04-24 10:16:00,2018-04-24 10:25:00,30633.0,30541.0,1,-94.0,-4700.0,9,stop_loss,ORB,TREND
train,20180424,130300,141100,2018-04-24 13:03:00,2018-04-24 14:11:00,30615.0,30522.0,-1,91.0,4550.0,68,mr_exit,MR,RANGE
train,20180424,151500,154800,2018-04-24 15:15:00,2018-04-24 15:48:00,30569.0,30655.0,-1,-88.0,-4400.0,33,stop_loss,MR,RANGE
train,20180425,135900,153600,2018-04-25 13:59:00,2018-04-25 15:36:00,30265.0,30321.0,1,54.0,2700.0,97,mr_exit,MR,RANGE
train,20180425,161500,162900,2018-04-25 16:15:00,2018-04-25 16:29:00,30248.0,30199.0,1,-51.0,-2550.0,14,session_end,MR,RANGE
train,20180426,130800,132500,2018-04-26 13:08:00,2018-04-26 13:25:00,30087.0,30001.0,1,-88.0,-4400.0,17,stop_loss,MR,RANGE
train,20180426,132600,141300,2018-04-26 13:26:00,2018-04-26 14:13:00,30000.0,29913.0,1,-89.0,-4450.0,47,stop_loss,MR,RANGE
train,20180426,141400,151900,2018-04-26 14:14:00,2018-04-26 15:19:00,29896.0,30016.0,1,118.0,5900.0,65,take_profit,MR,RANGE
train,20180427,154900,162900,2018-04-27 15:49:00,2018-04-27 16:29:00,30041.0,30062.0,-1,-23.0,-1150.0,40,session_end,MR,RANGE
train,20180430,115100,153500,2018-04-30 11:51:00,2018-04-30 15:35:00,30614.0,30708.0,-1,-96.0,-4800.0,164,stop_loss,MR,RANGE
train,20180430,153600,162900,2018-04-30 15:36:00,2018-04-30 16:29:00,30718.0,30661.0,-1,55.0,2750.0,53,session_end,MR,RANGE
train,20180502,130800,135600,2018-05-02 13:08:00,2018-05-02 13:56:00,30440.0,30491.0,1,49.0,2450.0,48,mr_exit,MR,RANGE
train,20180503,152000,161000,2018-05-03 15:20:00,2018-05-03 16:10:00,30181.0,30087.0,-1,92.0,4600.0,50,mr_exit,MR,RANGE
train,20180504,151800,153300,2018-05-04 15:18:00,2018-05-04 15:33:00,29766.0,29678.0,1,-90.0,-4500.0,15,stop_loss,MR,RANGE
train,20180504,153400,161700,2018-05-04 15:34:00,2018-05-04 16:17:00,29670.0,29789.0,1,117.0,5850.0,43,take_profit,MR,RANGE
train,20180508,101500,103500,2018-05-08 10:15:00,2018-05-08 10:35:00,30185.0,30082.0,1,-105.0,-5250.0,20,stop_loss,ORB,TREND
train,20180508,114300,162900,2018-05-08 11:43:00,2018-05-08 16:29:00,30180.0,30198.0,-1,-20.0,-1000.0,226,session_end,MR,RANGE
train,20180509,112700,142200,2018-05-09 11:27:00,2018-05-09 14:22:00,30356.0,30292.0,-1,62.0,3100.0,115,mr_exit,MR,RANGE
train,20180509,153700,162900,2018-05-09 15:37:00,2018-05-09 16:29:00,30394.0,30410.0,-1,-18.0,-900.0,52,session_end,MR,RANGE
train,20180510,144600,151100,2018-05-10 14:46:00,2018-05-10 15:11:00,30672.0,30622.0,-1,48.0,2400.0,25,mr_exit,MR,RANGE
train,20180510,162300,162900,2018-05-10 16:23:00,2018-05-10 16:29:00,30674.0,30661.0,-1,11.0,550.0,6,session_end,MR,RANGE
train,20180511,133400,142600,2018-05-11 13:34:00,2018-05-11 14:26:00,31069.0,31015.0,-1,52.0,2600.0,52,mr_exit,MR,RANGE
train,20180511,162400,162900,2018-05-11 16:24:00,2018-05-11 16:29:00,31067.0,31097.0,-1,-32.0,-1600.0,5,session_end,MR,RANGE
train,20180514,132000,145700,2018-05-14 13:20:00,2018-05-14 14:57:00,31337.0,31375.0,1,36.0,1800.0,97,mr_exit,MR,RANGE
train,20180514,160300,162900,2018-05-14 16:03:00,2018-05-14 16:29:00,31433.0,31450.0,-1,-19.0,-950.0,26,session_end,MR,RANGE
train,20180515,110400,162900,2018-05-15 11:04:00,2018-05-15 16:29:00,31075.0,30993.0,-1,80.0,4000.0,265,session_end,ORB,TREND
train,20180516,113800,134000,2018-05-16 11:38:00,2018-05-16 13:40:00,30932.0,31055.0,1,121.0,6050.0,62,take_profit,ORB,TREND
train,20180516,134100,140500,2018-05-16 13:41:00,2018-05-16 14:05:00,31056.0,30928.0,-1,126.0,6300.0,24,take_profit,MR,RANGE
train,20180517,115800,134600,2018-05-17 11:58:00,2018-05-17 13:46:00,30990.0,30888.0,1,-104.0,-5200.0,48,stop_loss,MR,RANGE
train,20180517,134700,162900,2018-05-17 13:47:00,2018-05-17 16:29:00,30894.0,30887.0,1,-9.0,-450.0,162,session_end,MR,RANGE
train,20180518,133100,141200,2018-05-18 13:31:00,2018-05-18 14:12:00,30946.0,31035.0,-1,-91.0,-4550.0,41,stop_loss,MR,RANGE
train,20180518,141300,161200,2018-05-18 14:13:00,2018-05-18 16:12:00,31026.0,30930.0,-1,94.0,4700.0,119,mr_exit,MR,RANGE
train,20180521,113800,134900,2018-05-21 11:38:00,2018-05-21 13:49:00,31372.0,31317.0,-1,53.0,2650.0,71,mr_exit,MR,RANGE
train,20180521,154500,162900,2018-05-21 15:45:00,2018-05-21 16:29:00,31166.0,31204.0,1,36.0,1800.0,44,session_end,MR,RANGE
train,20180523,111300,153100,2018-05-23 11:13:00,2018-05-23 15:31:00,30794.0,30665.0,-1,127.0,6350.0,198,take_profit,ORB,TREND
train,20180523,153200,160200,2018-05-23 15:32:00,2018-05-23 16:02:00,30680.0,30596.0,1,-86.0,-4300.0,30,stop_loss,MR,RANGE
train,20180523,160300,162900,2018-05-23 16:03:00,2018-05-23 16:29:00,30594.0,30541.0,1,-55.0,-2750.0,26,session_end,MR,RANGE
train,20180524,110600,112100,2018-05-24 11:06:00,2018-05-24 11:21:00,30746.0,30664.0,1,-84.0,-4200.0,15,stop_loss,ORB,TREND
train,20180524,151900,162900,2018-05-24 15:19:00,2018-05-24 16:29:00,30710.0,30690.0,-1,18.0,900.0,70,session_end,MR,RANGE
train,20180525,150300,152800,2018-05-25 15:03:00,2018-05-25 15:28:00,30548.0,30646.0,1,96.0,4800.0,25,mr_exit,MR,RANGE
train,20180528,131000,150800,2018-05-28 13:10:00,2018-05-28 15:08:00,30754.0,30839.0,-1,-87.0,-4350.0,118,stop_loss,MR,RANGE
train,20180528,150900,162900,2018-05-28 15:09:00,2018-05-28 16:29:00,30837.0,30759.0,-1,76.0,3800.0,80,session_end,MR,RANGE
train,20180529,112500,142100,2018-05-29 11:25:00,2018-05-29 14:21:00,30540.0,30619.0,1,77.0,3850.0,116,mr_exit,MR,RANGE
train,20180529,142800,150100,2018-05-29 14:28:00,2018-05-29 15:01:00,30565.0,30471.0,1,-96.0,-4800.0,33,stop_loss,MR,RANGE
train,20180529,150200,162900,2018-05-29 15:02:00,2018-05-29 16:29:00,30489.0,30451.0,1,-40.0,-2000.0,87,session_end,MR,RANGE
train,20180530,104100,112900,2018-05-30 10:41:00,2018-05-30 11:29:00,29843.0,29929.0,-1,-88.0,-4400.0,48,stop_loss,ORB,TREND
train,20180530,133900,140300,2018-05-30 13:39:00,2018-05-30 14:03:00,29829.0,29906.0,1,75.0,3750.0,24,mr_exit,MR,RANGE
train,20180531,111400,142000,2018-05-31 11:14:00,2018-05-31 14:20:00,30141.0,30224.0,-1,-85.0,-4250.0,126,stop_loss,MR,RANGE
train,20180531,142100,152800,2018-05-31 14:21:00,2018-05-31 15:28:00,30216.0,30305.0,-1,-91.0,-4550.0,67,stop_loss,MR,RANGE
train,20180531,152900,153400,2018-05-31 15:29:00,2018-05-31 15:34:00,30305.0,30390.0,-1,-87.0,-4350.0,5,stop_loss,MR,RANGE
train,20180601,135700,144800,2018-06-01 13:57:00,2018-06-01 14:48:00,30309.0,30355.0,1,44.0,2200.0,51,mr_exit,MR,RANGE
train,20180604,113700,130400,2018-06-04 11:37:00,2018-06-04 13:04:00,30848.0,30793.0,-1,53.0,2650.0,27,mr_exit,MR,RANGE
train,20180604,132100,152100,2018-06-04 13:21:00,2018-06-04 15:21:00,30850.0,30939.0,-1,-91.0,-4550.0,120,stop_loss,MR,RANGE
train,20180604,152200,162900,2018-06-04 15:22:00,2018-06-04 16:29:00,30939.0,30896.0,-1,41.0,2050.0,67,session_end,MR,RANGE
train,20180605,113400,134800,2018-06-05 11:34:00,2018-06-05 13:48:00,30959.0,31065.0,-1,-108.0,-5400.0,74,stop_loss,MR,RANGE
train,20180605,134900,150700,2018-06-05 13:49:00,2018-06-05 15:07:00,31087.0,30995.0,1,-94.0,-4700.0,78,stop_loss,ORB,TREND
train,20180606,141900,154700,2018-06-06 14:19:00,2018-06-06 15:47:00,31242.0,31182.0,-1,58.0,2900.0,88,mr_exit,MR,RANGE
train,20180607,141300,150500,2018-06-07 14:13:00,2018-06-07 15:05:00,31466.0,31441.0,-1,23.0,1150.0,52,mr_exit,MR,RANGE
train,20180607,155000,162900,2018-06-07 15:50:00,2018-06-07 16:29:00,31489.0,31538.0,-1,-51.0,-2550.0,39,session_end,MR,RANGE
train,20180608,115500,140800,2018-06-08 11:55:00,2018-06-08 14:08:00,31093.0,31006.0,1,-89.0,-4450.0,73,stop_loss,MR,RANGE
train,20180608,140900,150100,2018-06-08 14:09:00,2018-06-08 15:01:00,30995.0,30912.0,1,-85.0,-4250.0,52,stop_loss,MR,RANGE
train,20180608,150200,162000,2018-06-08 15:02:00,2018-06-08 16:20:00,30909.0,30816.0,1,-95.0,-4750.0,78,stop_loss,MR,RANGE
train,20180611,142100,162900,2018-06-11 14:21:00,2018-06-11 16:29:00,31043.0,31037.0,-1,4.0,200.0,128,session_end,MR,RANGE
train,20180612,133400,152500,2018-06-12 13:34:00,2018-06-12 15:25:00,31151.0,31084.0,-1,65.0,3250.0,111,mr_exit,MR,RANGE
train,20180613,115900,134200,2018-06-13 11:59:00,2018-06-13 13:42:00,30890.0,30918.0,1,26.0,1300.0,43,mr_exit,MR,RANGE
train,20180613,142500,143100,2018-06-13 14:25:00,2018-06-13 14:31:00,30885.0,30769.0,1,-118.0,-5900.0,6,stop_loss,MR,RANGE
train,20180613,143200,153000,2018-06-13 14:32:00,2018-06-13 15:30:00,30785.0,30678.0,1,-109.0,-5450.0,58,stop_loss,MR,RANGE
train,20180614,105500,140000,2018-06-14 10:55:00,2018-06-14 14:00:00,30462.0,30334.0,-1,126.0,6300.0,125,take_profit,ORB,TREND
train,20180614,140100,162900,2018-06-14 14:01:00,2018-06-14 16:29:00,30343.0,30417.0,1,72.0,3600.0,148,session_end,MR,RANGE
train,20180615,114200,131400,2018-06-15 11:42:00,2018-06-15 13:14:00,30306.0,30391.0,1,83.0,4150.0,32,mr_exit,MR,RANGE
train,20180615,152400,155100,2018-06-15 15:24:00,2018-06-15 15:51:00,30317.0,30233.0,1,-86.0,-4300.0,27,stop_loss,MR,RANGE
train,20180615,155200,162900,2018-06-15 15:52:00,2018-06-15 16:29:00,30248.0,30279.0,1,29.0,1450.0,37,session_end,MR,RANGE
train,20180619,114600,135500,2018-06-19 11:46:00,2018-06-19 13:55:00,29588.0,29506.0,1,-84.0,-4200.0,69,stop_loss,MR,RANGE
train,20180619,135600,140600,2018-06-19 13:56:00,2018-06-19 14:06:00,29504.0,29417.0,1,-89.0,-4450.0,10,stop_loss,MR,RANGE
train,20180619,140700,143700,2018-06-19 14:07:00,2018-06-19 14:37:00,29423.0,29338.0,1,-87.0,-4350.0,30,stop_loss,MR,RANGE
train,20180620,130100,131900,2018-06-20 13:01:00,2018-06-20 13:19:00,29595.0,29720.0,1,123.0,6150.0,18,take_profit,ORB,TREND
train,20180620,132000,132100,2018-06-20 13:20:00,2018-06-20 13:21:00,29806.0,29902.0,1,94.0,4700.0,1,regime_extreme,ORB,TREND
train,20180620,151500,153600,2018-06-20 15:15:00,2018-06-20 15:36:00,29774.0,29639.0,-1,133.0,6650.0,21,take_profit,MR,RANGE
train,20180621,112400,112900,2018-06-21 11:24:00,2018-06-21 11:29:00,29608.0,29512.0,1,-98.0,-4900.0,5,stop_loss,MR,RANGE
train,20180621,113000,131000,2018-06-21 11:30:00,2018-06-21 13:10:00,29534.0,29403.0,-1,129.0,6450.0,40,take_profit,ORB,TREND
train,20180621,131100,132300,2018-06-21 13:11:00,2018-06-21 13:23:00,29385.0,29470.0,-1,-87.0,-4350.0,12,stop_loss,ORB,TREND
train,20180622,131100,134500,2018-06-22 13:11:00,2018-06-22 13:45:00,29328.0,29199.0,-1,127.0,6350.0,34,take_profit,MR,RANGE
train,20180622,144100,162900,2018-06-22 14:41:00,2018-06-22 16:29:00,29344.0,29349.0,-1,-7.0,-350.0,108,session_end,MR,RANGE
train,20180625,131300,133200,2018-06-25 13:13:00,2018-06-25 13:32:00,29139.0,29034.0,1,-107.0,-5350.0,19,stop_loss,MR,RANGE
train,20180625,133300,145900,2018-06-25 13:33:00,2018-06-25 14:59:00,29037.0,28947.0,1,-92.0,-4600.0,86,stop_loss,MR,RANGE
train,20180625,150000,162900,2018-06-25 15:00:00,2018-06-25 16:29:00,28951.0,29001.0,1,48.0,2400.0,89,session_end,MR,RANGE
train,20180626,143900,145900,2018-06-26 14:39:00,2018-06-26 14:59:00,28882.0,28970.0,-1,-90.0,-4500.0,20,stop_loss,MR,RANGE
train,20180626,150000,154300,2018-06-26 15:00:00,2018-06-26 15:43:00,28973.0,28855.0,-1,116.0,5800.0,43,take_profit,MR,RANGE
train,20180626,161500,162900,2018-06-26 16:15:00,2018-06-26 16:29:00,28897.0,28955.0,-1,-60.0,-3000.0,14,session_end,MR,RANGE
train,20180627,130800,131500,2018-06-27 13:08:00,2018-06-27 13:15:00,28686.0,28584.0,1,-104.0,-5200.0,7,stop_loss,MR,RANGE
train,20180627,131600,133800,2018-06-27 13:16:00,2018-06-27 13:38:00,28605.0,28729.0,1,122.0,6100.0,22,take_profit,MR,RANGE
train,20180627,134600,135900,2018-06-27 13:46:00,2018-06-27 13:59:00,28626.0,28539.0,1,-89.0,-4450.0,13,stop_loss,MR,RANGE
train,20180628,145000,153000,2018-06-28 14:50:00,2018-06-28 15:30:00,28032.0,28155.0,1,121.0,6050.0,40,take_profit,MR,RANGE
train,20180628,160100,162900,2018-06-28 16:01:00,2018-06-28 16:29:00,28310.0,28265.0,1,-47.0,-2350.0,28,session_end,ORB,TREND
train,20180629,130600,142200,2018-06-29 13:06:00,2018-06-29 14:22:00,28666.0,28750.0,-1,-86.0,-4300.0,76,stop_loss,MR,RANGE
train,20180629,142300,162900,2018-06-29 14:23:00,2018-06-29 16:29:00,28735.0,28738.0,-1,-5.0,-250.0,126,session_end,MR,RANGE
train,20180703,145900,151400,2018-07-03 14:59:00,2018-07-03 15:14:00,28289.0,28379.0,-1,-92.0,-4600.0,15,stop_loss,MR,RANGE
train,20180703,151500,152900,2018-07-03 15:15:00,2018-07-03 15:29:00,28388.0,28256.0,-1,130.0,6500.0,14,take_profit,MR,RANGE
train,20180703,153000,154000,2018-07-03 15:30:00,2018-07-03 15:40:00,28270.0,28366.0,-1,-98.0,-4900.0,10,stop_loss,MR,RANGE
train,20180704,133800,162900,2018-07-04 13:38:00,2018-07-04 16:29:00,28022.0,28060.0,1,36.0,1800.0,171,session_end,MR,RANGE
train,20180705,113000,130500,2018-07-05 11:30:00,2018-07-05 13:05:00,27930.0,27812.0,1,-120.0,-6000.0,35,stop_loss,MR,RANGE
train,20180705,130600,133300,2018-07-05 13:06:00,2018-07-05 13:33:00,27774.0,27843.0,-1,-71.0,-3550.0,27,regime_extreme,ORB,TREND
train,20180705,142000,150300,2018-07-05 14:20:00,2018-07-05 15:03:00,27842.0,27965.0,1,121.0,6050.0,43,take_profit,MR,RANGE
train,20180706,130600,130700,2018-07-06 13:06:00,2018-07-06 13:07:00,28177.0,28224.0,-1,-49.0,-2450.0,1,regime_extreme,MR,RANGE
train,20180709,134900,150800,2018-07-09 13:49:00,2018-07-09 15:08:00,28791.0,28761.0,-1,28.0,1400.0,79,mr_exit,MR,RANGE
train,20180710,132000,144200,2018-07-10 13:20:00,2018-07-10 14:42:00,28791.0,28840.0,1,47.0,2350.0,82,mr_exit,MR,RANGE
train,20180710,154500,160900,2018-07-10 15:45:00,2018-07-10 16:09:00,28728.0,28615.0,1,-115.0,-5750.0,24,stop_loss,MR,RANGE
train,20180710,161000,162900,2018-07-10 16:10:00,2018-07-10 16:29:00,28587.0,28637.0,-1,-52.0,-2600.0,19,session_end,ORB,TREND
train,20180711,133000,140100,2018-07-11 13:30:00,2018-07-11 14:01:00,28274.0,28182.0,-1,90.0,4500.0,31,mr_exit,MR,RANGE
train,20180711,142600,151100,2018-07-11 14:26:00,2018-07-11 15:11:00,28272.0,28190.0,-1,80.0,4000.0,45,mr_exit,MR,RANGE
train,20180711,160000,162900,2018-07-11 16:00:00,2018-07-11 16:29:00,28277.0,28272.0,-1,3.0,150.0,29,session_end,MR,RANGE
train,20180712,115900,130500,2018-07-12 11:59:00,2018-07-12 13:05:00,28507.0,28604.0,-1,-99.0,-4950.0,6,stop_loss,MR,RANGE
train,20180712,130600,153500,2018-07-12 13:06:00,2018-07-12 15:35:00,28596.0,28459.0,-1,135.0,6750.0,149,take_profit,MR,RANGE
train,20180713,133400,154500,2018-07-13 13:34:00,2018-07-13 15:45:00,28594.0,28505.0,1,-91.0,-4550.0,131,stop_loss,MR,RANGE
train,20180713,154600,162900,2018-07-13 15:46:00,2018-07-13 16:29:00,28502.0,28555.0,1,51.0,2550.0,43,session_end,MR,RANGE
train,20180717,131400,140300,2018-07-17 13:14:00,2018-07-17 14:03:00,28240.0,28149.0,1,-93.0,-4650.0,49,stop_loss,MR,RANGE
train,20180717,140400,162900,2018-07-17 14:04:00,2018-07-17 16:29:00,28157.0,28216.0,1,57.0,2850.0,145,session_end,MR,RANGE
train,20180718,130700,135000,2018-07-18 13:07:00,2018-07-18 13:50:00,28215.0,28123.0,1,-94.0,-4700.0,43,stop_loss,MR,RANGE
train,20180718,135100,141500,2018-07-18 13:51:00,2018-07-18 14:15:00,28135.0,28051.0,1,-86.0,-4300.0,24,stop_loss,MR,RANGE
train,20180718,141600,144300,2018-07-18 14:16:00,2018-07-18 14:43:00,28031.0,28113.0,-1,-84.0,-4200.0,27,stop_loss,ORB,TREND
train,20180719,111600,143200,2018-07-19 11:16:00,2018-07-19 14:32:00,28087.0,28002.0,1,-87.0,-4350.0,136,stop_loss,MR,RANGE
train,20180719,143300,162900,2018-07-19 14:33:00,2018-07-19 16:29:00,28012.0,28036.0,1,22.0,1100.0,116,session_end,MR,RANGE
train,20180720,133100,133600,2018-07-20 13:31:00,2018-07-20 13:36:00,28035.0,28137.0,-1,-104.0,-5200.0,5,stop_loss,MR,RANGE
train,20180720,133800,153800,2018-07-20 13:38:00,2018-07-20 15:38:00,28119.0,28238.0,1,117.0,5850.0,120,take_profit,ORB,TREND
train,20180720,153900,162900,2018-07-20 15:39:00,2018-07-20 16:29:00,28254.0,28228.0,-1,24.0,1200.0,50,session_end,MR,RANGE
train,20180723,144800,145700,2018-07-23 14:48:00,2018-07-23 14:57:00,28295.0,28228.0,-1,65.0,3250.0,9,mr_exit,MR,RANGE
train,20180724,104100,162900,2018-07-24 10:41:00,2018-07-24 16:29:00,28630.0,28646.0,1,14.0,700.0,288,session_end,ORB,TREND
train,20180725,142700,162900,2018-07-25 14:27:00,2018-07-25 16:29:00,28887.0,28899.0,-1,-14.0,-700.0,122,session_end,MR,RANGE
train,20180726,114900,140600,2018-07-26 11:49:00,2018-07-26 14:06:00,28730.0,28633.0,1,-99.0,-4950.0,77,stop_loss,MR,RANGE
train,20180726,140700,162900,2018-07-26 14:07:00,2018-07-26 16:29:00,28659.0,28741.0,1,80.0,4000.0,142,session_end,MR,RANGE
train,20180727,110500,130600,2018-07-27 11:05:00,2018-07-27 13:06:00,28822.0,28736.0,1,-88.0,-4400.0,61,stop_loss,ORB,TREND
train,20180727,144500,162300,2018-07-27 14:45:00,2018-07-27 16:23:00,28774.0,28715.0,-1,57.0,2850.0,98,mr_exit,MR,RANGE
train,20180730,110100,115600,2018-07-30 11:01:00,2018-07-30 11:56:00,28529.0,28613.0,-1,-86.0,-4300.0,55,stop_loss,ORB,TREND
train,20180730,132300,145600,2018-07-30 13:23:00,2018-07-30 14:56:00,28556.0,28635.0,1,77.0,3850.0,93,mr_exit,MR,RANGE
train,20180731,114300,134400,2018-07-31 11:43:00,2018-07-31 13:44:00,28527.0,28623.0,-1,-98.0,-4900.0,61,stop_loss,ORB,TREND
train,20180731,155600,160900,2018-07-31 15:56:00,2018-07-31 16:09:00,28535.0,28454.0,1,-83.0,-4150.0,13,stop_loss,MR,RANGE
train,20180731,161000,162900,2018-07-31 16:10:00,2018-07-31 16:29:00,28461.0,28438.0,1,-25.0,-1250.0,19,session_end,MR,RANGE
train,20180801,105600,130300,2018-08-01 10:56:00,2018-08-01 13:03:00,28467.0,28556.0,-1,-91.0,-4550.0,67,stop_loss,ORB,TREND
train,20180801,132600,143800,2018-08-01 13:26:00,2018-08-01 14:38:00,28475.0,28388.0,1,-89.0,-4450.0,72,stop_loss,MR,RANGE
train,20180801,143900,151000,2018-08-01 14:39:00,2018-08-01 15:10:00,28397.0,28312.0,1,-87.0,-4350.0,31,stop_loss,MR,RANGE
train,20180802,113900,114200,2018-08-02 11:39:00,2018-08-02 11:42:00,27727.0,27595.0,1,-134.0,-6700.0,3,stop_loss,MR,RANGE
train,20180802,114300,130300,2018-08-02 11:43:00,2018-08-02 13:03:00,27635.0,27609.0,1,-28.0,-1400.0,20,regime_extreme,MR,RANGE
train,20180802,130600,130700,2018-08-02 13:06:00,2018-08-02 13:07:00,27609.0,27600.0,1,-11.0,-550.0,1,regime_extreme,MR,RANGE
train,20180803,150300,155000,2018-08-03 15:03:00,2018-08-03 15:50:00,27559.0,27612.0,1,51.0,2550.0,47,mr_exit,MR,RANGE
train,20180806,131200,132100,2018-08-06 13:12:00,2018-08-06 13:21:00,27674.0,27787.0,-1,-115.0,-5750.0,9,stop_loss,ORB,TREND
train,20180806,141600,143600,2018-08-06 14:16:00,2018-08-06 14:36:00,27731.0,27644.0,1,-89.0,-4450.0,20,stop_loss,MR,RANGE
train,20180807,133900,141100,2018-08-07 13:39:00,2018-08-07 14:11:00,28032.0,28119.0,-1,-89.0,-4450.0,32,stop_loss,MR,RANGE
train,20180807,141200,142200,2018-08-07 14:12:00,2018-08-07 14:22:00,28108.0,28217.0,-1,-111.0,-5550.0,10,stop_loss,MR,RANGE
train,20180809,103600,113300,2018-08-09 10:36:00,2018-08-09 11:33:00,28431.0,28552.0,1,119.0,5950.0,57,take_profit,ORB,TREND
train,20180809,130800,162900,2018-08-09 13:08:00,2018-08-09 16:29:00,28575.0,28532.0,-1,41.0,2050.0,201,session_end,MR,RANGE
train,20180810,130600,132300,2018-08-10 13:06:00,2018-08-10 13:23:00,28353.0,28266.0,1,-89.0,-4450.0,17,stop_loss,MR,RANGE
train,20180810,132400,162900,2018-08-10 13:24:00,2018-08-10 16:29:00,28260.0,28233.0,-1,25.0,1250.0,185,session_end,ORB,TREND
train,20180813,115500,131000,2018-08-13 11:55:00,2018-08-13 13:10:00,27710.0,27789.0,1,77.0,3850.0,15,mr_exit,MR,RANGE
train,20180813,143200,150000,2018-08-13 14:32:00,2018-08-13 15:00:00,27928.0,27829.0,-1,97.0,4850.0,28,mr_exit,MR,RANGE
train,20180814,132500,143100,2018-08-14 13:25:00,2018-08-14 14:31:00,27533.0,27632.0,1,97.0,4850.0,66,mr_exit,MR,RANGE
train,20180815,114000,162900,2018-08-15 11:40:00,2018-08-15 16:29:00,27210.0,27231.0,1,19.0,950.0,229,session_end,MR,RANGE
train,20180816,151100,162900,2018-08-16 15:11:00,2018-08-16 16:29:00,26982.0,27046.0,1,62.0,3100.0,78,session_end,MR,RANGE
train,20180817,132200,135400,2018-08-17 13:22:00,2018-08-17 13:54:00,27150.0,27189.0,1,37.0,1850.0,32,mr_exit,MR,RANGE
train,20180817,140600,143000,2018-08-17 14:06:00,2018-08-17 14:30:00,27154.0,27064.0,1,-92.0,-4600.0,24,stop_loss,MR,RANGE
train,20180817,143100,144700,2018-08-17 14:31:00,2018-08-17 14:47:00,27095.0,27012.0,1,-85.0,-4250.0,16,stop_loss,MR,RANGE
train,20180820,141300,144600,2018-08-20 14:13:00,2018-08-20 14:46:00,27431.0,27516.0,-1,-87.0,-4350.0,33,stop_loss,MR,RANGE
train,20180820,144700,162900,2018-08-20 14:47:00,2018-08-20 16:29:00,27509.0,27507.0,-1,0.0,0.0,102,session_end,MR,RANGE
train,20180821,132900,145700,2018-08-21 13:29:00,2018-08-21 14:57:00,27681.0,27606.0,-1,73.0,3650.0,88,mr_exit,MR,RANGE
train,20180821,152000,162900,2018-08-21 15:20:00,2018-08-21 16:29:00,27654.0,27623.0,-1,29.0,1450.0,69,session_end,MR,RANGE
train,20180822,144700,154800,2018-08-22 14:47:00,2018-08-22 15:48:00,27807.0,27899.0,-1,-94.0,-4700.0,61,stop_loss,MR,RANGE
train,20180822,154900,162900,2018-08-22 15:49:00,2018-08-22 16:29:00,27884.0,27829.0,-1,53.0,2650.0,40,session_end,MR,RANGE
train,20180823,114000,133000,2018-08-23 11:40:00,2018-08-23 13:30:00,27641.0,27730.0,1,87.0,4350.0,50,mr_exit,MR,RANGE
train,20180823,152800,162900,2018-08-23 15:28:00,2018-08-23 16:29:00,27664.0,27702.0,1,36.0,1800.0,61,session_end,MR,RANGE
train,20180824,130400,134000,2018-08-24 13:04:00,2018-08-24 13:40:00,27589.0,27694.0,-1,-107.0,-5350.0,36,stop_loss,MR,RANGE
train,20180824,134100,151600,2018-08-24 13:41:00,2018-08-24 15:16:00,27705.0,27579.0,-1,124.0,6200.0,95,take_profit,MR,RANGE
train,20180827,114400,162900,2018-08-27 11:44:00,2018-08-27 16:29:00,28232.0,28234.0,1,0.0,0.0,225,session_end,ORB,TREND
train,20180828,130100,142500,2018-08-28 13:01:00,2018-08-28 14:25:00,28298.0,28214.0,1,-86.0,-4300.0,84,stop_loss,MR,RANGE
train,20180828,142600,162900,2018-08-28 14:26:00,2018-08-28 16:29:00,28218.0,28297.0,1,77.0,3850.0,123,session_end,MR,RANGE
train,20180830,112300,140700,2018-08-30 11:23:00,2018-08-30 14:07:00,28145.0,28063.0,1,-84.0,-4200.0,104,stop_loss,MR,RANGE
train,20180830,140800,162900,2018-08-30 14:08:00,2018-08-30 16:29:00,28068.0,28069.0,1,-1.0,-50.0,141,session_end,MR,RANGE
train,20180831,115400,151700,2018-08-31 11:54:00,2018-08-31 15:17:00,27839.0,27755.0,-1,82.0,4100.0,143,mr_exit,MR,RANGE
train,20180903,112000,134000,2018-09-03 11:20:00,2018-09-03 13:40:00,27552.0,27637.0,1,83.0,4150.0,80,mr_exit,MR,RANGE
train,20180903,140000,142500,2018-09-03 14:00:00,2018-09-03 14:25:00,27564.0,27639.0,1,73.0,3650.0,25,mr_exit,MR,RANGE
train,20180903,160300,162900,2018-09-03 16:03:00,2018-09-03 16:29:00,27680.0,27658.0,-1,20.0,1000.0,26,session_end,MR,RANGE
train,20180904,130500,132900,2018-09-04 13:05:00,2018-09-04 13:29:00,27685.0,27785.0,-1,-102.0,-5100.0,24,stop_loss,MR,RANGE
train,20180904,133000,134100,2018-09-04 13:30:00,2018-09-04 13:41:00,27770.0,27851.0,-1,-83.0,-4150.0,11,stop_loss,MR,RANGE
train,20180904,134200,140900,2018-09-04 13:42:00,2018-09-04 14:09:00,27832.0,27919.0,-1,-89.0,-4450.0,27,stop_loss,MR,RANGE
train,20180905,113500,140200,2018-09-05 11:35:00,2018-09-05 14:02:00,27399.0,27272.0,-1,125.0,6250.0,87,take_profit,ORB,TREND
train,20180905,140300,152200,2018-09-05 14:03:00,2018-09-05 15:22:00,27277.0,27184.0,1,-95.0,-4750.0,79,stop_loss,MR,RANGE
train,20180905,152300,162900,2018-09-05 15:23:00,2018-09-05 16:29:00,27178.0,27121.0,1,-59.0,-2950.0,66,session_end,MR,RANGE
train,20180906,130300,130900,2018-09-06 13:03:00,2018-09-06 13:09:00,26981.0,26885.0,1,-98.0,-4900.0,6,stop_loss,MR,RANGE
train,20180906,131000,160400,2018-09-06 13:10:00,2018-09-06 16:04:00,26864.0,26946.0,-1,-84.0,-4200.0,174,stop_loss,ORB,TREND
train,20180907,113200,113400,2018-09-07 11:32:00,2018-09-07 11:34:00,26650.0,26609.0,-1,39.0,1950.0,2,regime_extreme,ORB,TREND
train,20180910,134900,150100,2018-09-10 13:49:00,2018-09-10 15:01:00,26566.0,26445.0,1,-123.0,-6150.0,72,stop_loss,MR,RANGE
train,20180910,150200,151800,2018-09-10 15:02:00,2018-09-10 15:18:00,26383.0,26512.0,1,127.0,6350.0,16,take_profit,MR,RANGE
train,20180911,112300,130100,2018-09-11 11:23:00,2018-09-11 13:01:00,26616.0,26538.0,-1,76.0,3800.0,38,mr_exit,MR,RANGE
train,20180911,151600,154500,2018-09-11 15:16:00,2018-09-11 15:45:00,26439.0,26350.0,1,-91.0,-4550.0,29,stop_loss,MR,RANGE
train,20180911,154600,162900,2018-09-11 15:46:00,2018-09-11 16:29:00,26344.0,26323.0,1,-23.0,-1150.0,43,session_end,MR,RANGE
train,20180912,134500,143100,2018-09-12 13:45:00,2018-09-12 14:31:00,26375.0,26307.0,-1,66.0,3300.0,46,mr_exit,MR,RANGE
train,20180913,130400,135000,2018-09-13 13:04:00,2018-09-13 13:50:00,26668.0,26743.0,1,73.0,3650.0,46,mr_exit,MR,RANGE
train,20180913,154100,162900,2018-09-13 15:41:00,2018-09-13 16:29:00,26975.0,26976.0,-1,-3.0,-150.0,48,session_end,MR,RANGE
train,20180914,131500,144400,2018-09-14 13:15:00,2018-09-14 14:44:00,27249.0,27340.0,-1,-93.0,-4650.0,89,stop_loss,MR,RANGE
train,20180914,144500,162900,2018-09-14 14:45:00,2018-09-14 16:29:00,27321.0,27241.0,-1,78.0,3900.0,104,session_end,MR,RANGE
train,20180917,130400,135400,2018-09-17 13:04:00,2018-09-17 13:54:00,26785.0,26844.0,1,57.0,2850.0,50,mr_exit,MR,RANGE
train,20180917,154300,160500,2018-09-17 15:43:00,2018-09-17 16:05:00,26962.0,26874.0,-1,86.0,4300.0,22,mr_exit,MR,RANGE
train,20180918,135300,140300,2018-09-18 13:53:00,2018-09-18 14:03:00,26787.0,26867.0,-1,-82.0,-4100.0,10,stop_loss,MR,RANGE
train,20180918,140400,141700,2018-09-18 14:04:00,2018-09-18 14:17:00,26884.0,27005.0,1,119.0,5950.0,13,take_profit,ORB,TREND
train,20180918,141800,142100,2018-09-18 14:18:00,2018-09-18 14:21:00,27057.0,27120.0,1,61.0,3050.0,3,regime_extreme,ORB,TREND
train,20180919,130600,131600,2018-09-19 13:06:00,2018-09-19 13:16:00,27366.0,27455.0,-1,-91.0,-4550.0,10,stop_loss,MR,RANGE
train,20180919,131700,162900,2018-09-19 13:17:00,2018-09-19 16:29:00,27442.0,27407.0,-1,33.0,1650.0,192,session_end,MR,RANGE
train,20180920,111400,130500,2018-09-20 11:14:00,2018-09-20 13:05:00,27410.0,27326.0,1,-86.0,-4300.0,51,stop_loss,MR,RANGE
train,20180920,130600,134800,2018-09-20 13:06:00,2018-09-20 13:48:00,27325.0,27451.0,1,124.0,6200.0,42,take_profit,MR,RANGE
train,20180920,140000,152900,2018-09-20 14:00:00,2018-09-20 15:29:00,27382.0,27454.0,1,70.0,3500.0,89,mr_exit,MR,RANGE
train,20180921,111500,131200,2018-09-21 11:15:00,2018-09-21 13:12:00,27704.0,27797.0,-1,-95.0,-4750.0,57,stop_loss,MR,RANGE
train,20180921,135700,143100,2018-09-21 13:57:00,2018-09-21 14:31:00,27807.0,27894.0,-1,-89.0,-4450.0,34,stop_loss,MR,RANGE
train,20180921,143200,150400,2018-09-21 14:32:00,2018-09-21 15:04:00,27877.0,27958.0,-1,-83.0,-4150.0,32,stop_loss,MR,RANGE
train,20180924,114600,141700,2018-09-24 11:46:00,2018-09-24 14:17:00,27578.0,27491.0,1,-89.0,-4450.0,91,stop_loss,MR,RANGE
train,20180924,141800,144300,2018-09-24 14:18:00,2018-09-24 14:43:00,27495.0,27400.0,1,-97.0,-4850.0,25,stop_loss,MR,RANGE
train,20180924,144400,162900,2018-09-24 14:44:00,2018-09-24 16:29:00,27412.0,27483.0,1,69.0,3450.0,105,session_end,MR,RANGE
train,20180926,105900,145400,2018-09-26 10:59:00,2018-09-26 14:54:00,27950.0,27858.0,1,-94.0,-4700.0,175,stop_loss,ORB,TREND
train,20180927,114200,162900,2018-09-27 11:42:00,2018-09-27 16:29:00,27720.0,27712.0,-1,6.0,300.0,227,session_end,ORB,TREND
train,20180928,112700,131100,2018-09-28 11:27:00,2018-09-28 13:11:00,27930.0,27865.0,-1,63.0,3150.0,44,mr_exit,MR,RANGE
train,20180928,141000,144200,2018-09-28 14:10:00,2018-09-28 14:42:00,27782.0,27699.0,1,-85.0,-4250.0,32,stop_loss,MR,RANGE
train,20180928,150400,161400,2018-09-28 15:04:00,2018-09-28 16:14:00,27666.0,27789.0,1,121.0,6050.0,70,take_profit,MR,RANGE
train,20181002,101500,131100,2018-10-02 10:15:00,2018-10-02 13:11:00,27396.0,27261.0,-1,133.0,6650.0,116,take_profit,ORB,TREND
train,20181002,131200,135100,2018-10-02 13:12:00,2018-10-02 13:51:00,27266.0,27181.0,1,-87.0,-4350.0,39,stop_loss,MR,RANGE
train,20181002,135200,141200,2018-10-02 13:52:00,2018-10-02 14:12:00,27197.0,27116.0,1,-83.0,-4150.0,20,stop_loss,MR,RANGE
train,20181004,114300,162900,2018-10-04 11:43:00,2018-10-04 16:29:00,26555.0,26569.0,1,12.0,600.0,226,session_end,MR,RANGE
train,20181005,135300,140400,2018-10-05 13:53:00,2018-10-05 14:04:00,26518.0,26605.0,-1,-89.0,-4450.0,11,stop_loss,MR,RANGE
train,20181005,140500,160900,2018-10-05 14:05:00,2018-10-05 16:09:00,26597.0,26494.0,-1,101.0,5050.0,124,mr_exit,MR,RANGE
train,20181008,140700,143600,2018-10-08 14:07:00,2018-10-08 14:36:00,26326.0,26241.0,1,-87.0,-4350.0,29,stop_loss,MR,RANGE
train,20181008,143700,150500,2018-10-08 14:37:00,2018-10-08 15:05:00,26245.0,26154.0,1,-93.0,-4650.0,28,stop_loss,MR,RANGE
train,20181008,150600,162900,2018-10-08 15:06:00,2018-10-08 16:29:00,26184.0,26170.0,1,-16.0,-800.0,83,session_end,MR,RANGE
train,20181009,130600,131700,2018-10-09 13:06:00,2018-10-09 13:17:00,26316.0,26230.0,-1,84.0,4200.0,11,mr_exit,MR,RANGE
train,20181009,153900,161500,2018-10-09 15:39:00,2018-10-09 16:15:00,26149.0,26068.0,1,-83.0,-4150.0,36,stop_loss,MR,RANGE
train,20181009,161600,162900,2018-10-09 16:16:00,2018-10-09 16:29:00,26063.0,26075.0,1,10.0,500.0,13,session_end,MR,RANGE
train,20181010,152700,161600,2018-10-10 15:27:00,2018-10-10 16:16:00,26199.0,26113.0,1,-88.0,-4400.0,49,stop_loss,MR,RANGE
train,20181010,161700,162900,2018-10-10 16:17:00,2018-10-10 16:29:00,26127.0,26163.0,1,34.0,1700.0,12,session_end,MR,RANGE
train,20181011,131900,151900,2018-10-11 13:19:00,2018-10-11 15:19:00,25155.0,25271.0,1,114.0,5700.0,120,take_profit,MR,RANGE
train,20181012,114200,130300,2018-10-12 11:42:00,2018-10-12 13:03:00,25524.0,25621.0,-1,-99.0,-4950.0,21,stop_loss,MR,RANGE
train,20181012,130400,132400,2018-10-12 13:04:00,2018-10-12 13:24:00,25596.0,25743.0,1,145.0,7250.0,20,take_profit,ORB,TREND
train,20181012,132500,133600,2018-10-12 13:25:00,2018-10-12 13:36:00,25768.0,25683.0,1,-87.0,-4350.0,11,stop_loss,ORB,TREND
train,20181015,112100,150300,2018-10-15 11:21:00,2018-10-15 15:03:00,25434.0,25347.0,1,-89.0,-4450.0,162,stop_loss,MR,RANGE
train,20181015,150400,162900,2018-10-15 15:04:00,2018-10-15 16:29:00,25373.0,25365.0,1,-10.0,-500.0,85,session_end,MR,RANGE
train,20181016,110700,135200,2018-10-16 11:07:00,2018-10-16 13:52:00,25455.0,25336.0,-1,117.0,5850.0,105,take_profit,ORB,TREND
train,20181016,135300,140400,2018-10-16 13:53:00,2018-10-16 14:04:00,25354.0,25237.0,1,-119.0,-5950.0,11,stop_loss,MR,RANGE
train,20181016,140500,151900,2018-10-16 14:05:00,2018-10-16 15:19:00,25256.0,25381.0,1,123.0,6150.0,74,take_profit,MR,RANGE
train,20181018,114500,132900,2018-10-18 11:45:00,2018-10-18 13:29:00,25385.0,25291.0,1,-96.0,-4800.0,44,stop_loss,MR,RANGE
train,20181018,133000,142100,2018-10-18 13:30:00,2018-10-18 14:21:00,25307.0,25215.0,1,-94.0,-4700.0,51,stop_loss,MR,RANGE
train,20181018,142200,153600,2018-10-18 14:22:00,2018-10-18 15:36:00,25230.0,25351.0,1,119.0,5950.0,74,take_profit,MR,RANGE
train,20181019,131300,131800,2018-10-19 13:13:00,2018-10-19 13:18:00,25489.0,25580.0,-1,-93.0,-4650.0,5,stop_loss,MR,RANGE
train,20181019,131900,133300,2018-10-19 13:19:00,2018-10-19 13:33:00,25560.0,25572.0,-1,-14.0,-700.0,14,regime_extreme,MR,RANGE
train,20181019,151100,162900,2018-10-19 15:11:00,2018-10-19 16:29:00,25558.0,25462.0,-1,94.0,4700.0,78,session_end,MR,RANGE
train,20181022,113500,114700,2018-10-22 11:35:00,2018-10-22 11:47:00,26061.0,26143.0,-1,-84.0,-4200.0,12,stop_loss,MR,RANGE
train,20181022,114800,130300,2018-10-22 11:48:00,2018-10-22 13:03:00,26132.0,26221.0,-1,-91.0,-4550.0,15,stop_loss,MR,RANGE
train,20181022,130400,141100,2018-10-22 13:04:00,2018-10-22 14:11:00,26195.0,26074.0,-1,119.0,5950.0,67,take_profit,MR,RANGE
train,20181023,111400,135300,2018-10-23 11:14:00,2018-10-23 13:53:00,25597.0,25479.0,-1,116.0,5800.0,99,take_profit,ORB,TREND
train,20181023,135400,140200,2018-10-23 13:54:00,2018-10-23 14:02:00,25489.0,25380.0,1,-111.0,-5550.0,8,stop_loss,MR,RANGE
train,20181023,140300,142800,2018-10-23 14:03:00,2018-10-23 14:28:00,25381.0,25397.0,-1,-18.0,-900.0,25,regime_extreme,ORB,TREND
train,20181024,150100,162900,2018-10-24 15:01:00,2018-10-24 16:29:00,25207.0,25212.0,1,3.0,150.0,88,session_end,MR,RANGE
train,20181025,113500,130100,2018-10-25 11:35:00,2018-10-25 13:01:00,24834.0,24732.0,-1,100.0,5000.0,26,mr_exit,MR,RANGE
train,20181025,142800,150900,2018-10-25 14:28:00,2018-10-25 15:09:00,24825.0,24741.0,-1,82.0,4100.0,41,mr_exit,MR,RANGE
train,20181025,153500,155500,2018-10-25 15:35:00,2018-10-25 15:55:00,24850.0,24934.0,-1,-86.0,-4300.0,20,stop_loss,MR,RANGE
train,20181026,152500,162900,2018-10-26 15:25:00,2018-10-26 16:29:00,24674.0,24655.0,1,-21.0,-1050.0,64,session_end,MR,RANGE
train,20181029,135400,135700,2018-10-29 13:54:00,2018-10-29 13:57:00,24646.0,24670.0,1,22.0,1100.0,3,regime_extreme,MR,RANGE
train,20181030,154900,162900,2018-10-30 15:49:00,2018-10-30 16:29:00,24578.0,24605.0,1,25.0,1250.0,40,session_end,MR,RANGE
train,20181031,132800,141700,2018-10-31 13:28:00,2018-10-31 14:17:00,24863.0,24799.0,-1,62.0,3100.0,49,mr_exit,MR,RANGE
train,20181031,151200,161200,2018-10-31 15:12:00,2018-10-31 16:12:00,24875.0,24960.0,-1,-87.0,-4350.0,60,stop_loss,MR,RANGE
train,20181031,161300,162900,2018-10-31 16:13:00,2018-10-31 16:29:00,24928.0,24914.0,-1,12.0,600.0,16,session_end,MR,RANGE
train,20181101,113900,132200,2018-11-01 11:39:00,2018-11-01 13:22:00,25389.0,25474.0,-1,-87.0,-4350.0,43,stop_loss,MR,RANGE
train,20181101,132300,140500,2018-11-01 13:23:00,2018-11-01 14:05:00,25463.0,25335.0,-1,126.0,6300.0,42,take_profit,MR,RANGE
train,20181101,142500,153000,2018-11-01 14:25:00,2018-11-01 15:30:00,25308.0,25432.0,1,122.0,6100.0,65,take_profit,ORB,TREND
train,20181102,145600,153100,2018-11-02 14:56:00,2018-11-02 15:31:00,26323.0,26406.0,-1,-85.0,-4250.0,35,stop_loss,MR,RANGE
train,20181102,153200,154800,2018-11-02 15:32:00,2018-11-02 15:48:00,26389.0,26479.0,-1,-92.0,-4600.0,16,stop_loss,MR,RANGE
train,20181102,154900,162900,2018-11-02 15:49:00,2018-11-02 16:29:00,26465.0,26486.0,-1,-23.0,-1150.0,40,session_end,MR,RANGE
train,20181105,115400,133000,2018-11-05 11:54:00,2018-11-05 13:30:00,25761.0,25890.0,1,127.0,6350.0,36,take_profit,MR,RANGE
train,20181105,133900,142900,2018-11-05 13:39:00,2018-11-05 14:29:00,25839.0,25916.0,1,75.0,3750.0,50,mr_exit,MR,RANGE
train,20181105,154000,160900,2018-11-05 15:40:00,2018-11-05 16:09:00,25830.0,25917.0,1,85.0,4250.0,29,mr_exit,MR,RANGE
train,20181106,140100,144900,2018-11-06 14:01:00,2018-11-06 14:49:00,25933.0,26024.0,-1,-93.0,-4650.0,48,stop_loss,MR,RANGE
train,20181106,145000,150700,2018-11-06 14:50:00,2018-11-06 15:07:00,26012.0,26122.0,-1,-112.0,-5600.0,17,stop_loss,MR,RANGE
train,20181107,112200,113500,2018-11-07 11:22:00,2018-11-07 11:35:00,26282.0,26295.0,-1,-15.0,-750.0,13,regime_extreme,MR,RANGE
train,20181107,130300,131100,2018-11-07 13:03:00,2018-11-07 13:11:00,26464.0,26428.0,-1,34.0,1700.0,8,regime_extreme,MR,RANGE
train,20181107,153800,161600,2018-11-07 15:38:00,2018-11-07 16:16:00,26020.0,26127.0,1,105.0,5250.0,38,mr_exit,MR,RANGE
train,20181108,131100,140000,2018-11-08 13:11:00,2018-11-08 14:00:00,26326.0,26382.0,1,54.0,2700.0,49,mr_exit,MR,RANGE
train,20181108,141400,141900,2018-11-08 14:14:00,2018-11-08 14:19:00,26311.0,26227.0,1,-86.0,-4300.0,5,stop_loss,MR,RANGE
train,20181108,142000,151400,2018-11-08 14:20:00,2018-11-08 15:14:00,26237.0,26134.0,1,-105.0,-5250.0,54,stop_loss,MR,RANGE
train,20181109,112800,151600,2018-11-09 11:28:00,2018-11-09 15:16:00,25578.0,25492.0,1,-88.0,-4400.0,168,stop_loss,MR,RANGE
train,20181109,151700,162900,2018-11-09 15:17:00,2018-11-09 16:29:00,25475.0,25480.0,1,3.0,150.0,72,session_end,MR,RANGE
train,20181112,150100,155000,2018-11-12 15:01:00,2018-11-12 15:50:00,25576.0,25614.0,1,36.0,1800.0,49,mr_exit,MR,RANGE
train,20181113,112500,113200,2018-11-13 11:25:00,2018-11-13 11:32:00,25337.0,25426.0,-1,-91.0,-4550.0,7,stop_loss,MR,RANGE
train,20181113,113300,114300,2018-11-13 11:33:00,2018-11-13 11:43:00,25461.0,25435.0,-1,24.0,1200.0,10,regime_extreme,MR,RANGE
train,20181113,145300,150200,2018-11-13 14:53:00,2018-11-13 15:02:00,25531.0,25625.0,-1,-96.0,-4800.0,9,stop_loss,MR,RANGE
train,20181114,151100,153300,2018-11-14 15:11:00,2018-11-14 15:33:00,25613.0,25524.0,1,-91.0,-4550.0,22,stop_loss,MR,RANGE
train,20181114,153400,160100,2018-11-14 15:34:00,2018-11-14 16:01:00,25485.0,25618.0,1,131.0,6550.0,27,take_profit,MR,RANGE
train,20181115,133900,142300,2018-11-15 13:39:00,2018-11-15 14:23:00,25816.0,25897.0,-1,-83.0,-4150.0,44,stop_loss,MR,RANGE
train,20181115,142500,152400,2018-11-15 14:25:00,2018-11-15 15:24:00,25911.0,25997.0,-1,-88.0,-4400.0,59,stop_loss,MR,RANGE
train,20181115,152500,153200,2018-11-15 15:25:00,2018-11-15 15:32:00,26003.0,26089.0,-1,-88.0,-4400.0,7,stop_loss,MR,RANGE
train,20181116,113900,115200,2018-11-16 11:39:00,2018-11-16 11:52:00,26001.0,26084.0,-1,-85.0,-4250.0,13,stop_loss,MR,RANGE
train,20181116,115300,130000,2018-11-16 11:53:00,2018-11-16 13:00:00,26092.0,26179.0,-1,-89.0,-4450.0,7,stop_loss,MR,RANGE
train,20181116,130100,131000,2018-11-16 13:01:00,2018-11-16 13:10:00,26163.0,26115.0,1,-50.0,-2500.0,9,regime_extreme,ORB,TREND
train,20181119,142900,162900,2018-11-19 14:29:00,2018-11-19 16:29:00,26301.0,26291.0,-1,8.0,400.0,120,session_end,MR,RANGE
train,20181120,112000,112800,2018-11-20 11:20:00,2018-11-20 11:28:00,25864.0,25782.0,1,-84.0,-4200.0,8,stop_loss,MR,RANGE
train,20181120,112900,162900,2018-11-20 11:29:00,2018-11-20 16:29:00,25766.0,25800.0,1,32.0,1600.0,240,session_end,MR,RANGE
train,20181121,130200,144800,2018-11-21 13:02:00,2018-11-21 14:48:00,25786.0,25885.0,-1,-101.0,-5050.0,106,stop_loss,MR,RANGE
train,20181121,144900,155700,2018-11-21 14:49:00,2018-11-21 15:57:00,25888.0,25977.0,-1,-91.0,-4550.0,68,stop_loss,MR,RANGE
train,20181121,155800,162900,2018-11-21 15:58:00,2018-11-21 16:29:00,25967.0,25912.0,-1,53.0,2650.0,31,session_end,MR,RANGE
train,20181122,134200,135600,2018-11-22 13:42:00,2018-11-22 13:56:00,25986.0,25919.0,-1,65.0,3250.0,14,mr_exit,MR,RANGE
train,20181122,144400,162900,2018-11-22 14:44:00,2018-11-22 16:29:00,25993.0,25948.0,-1,43.0,2150.0,105,session_end,MR,RANGE
train,20181123,160300,162900,2018-11-23 16:03:00,2018-11-23 16:29:00,25910.0,25909.0,-1,-1.0,-50.0,26,session_end,MR,RANGE
train,20181126,103300,105000,2018-11-26 10:33:00,2018-11-26 10:50:00,26332.0,26237.0,1,-97.0,-4850.0,17,stop_loss,ORB,TREND
train,20181126,130600,162900,2018-11-26 13:06:00,2018-11-26 16:29:00,26382.0,26412.0,-1,-32.0,-1600.0,203,session_end,MR,RANGE
train,20181127,112600,140300,2018-11-27 11:26:00,2018-11-27 14:03:00,26360.0,26276.0,-1,82.0,4100.0,97,mr_exit,MR,RANGE
train,20181127,153300,154300,2018-11-27 15:33:00,2018-11-27 15:43:00,26350.0,26274.0,-1,74.0,3700.0,10,mr_exit,MR,RANGE
train,20181128,110000,142700,2018-11-28 11:00:00,2018-11-28 14:27:00,26582.0,26701.0,1,117.0,5850.0,147,take_profit,ORB,TREND
train,20181128,142800,162000,2018-11-28 14:28:00,2018-11-28 16:20:00,26704.0,26612.0,1,-94.0,-4700.0,112,stop_loss,ORB,TREND
train,20181128,162100,162900,2018-11-28 16:21:00,2018-11-28 16:29:00,26606.0,26609.0,-1,-5.0,-250.0,8,session_end,MR,RANGE
train,20181129,131700,132700,2018-11-29 13:17:00,2018-11-29 13:27:00,26641.0,26556.0,1,-87.0,-4350.0,10,stop_loss,MR,RANGE
train,20181129,132800,140900,2018-11-29 13:28:00,2018-11-29 14:09:00,26567.0,26472.0,1,-97.0,-4850.0,41,stop_loss,MR,RANGE
train,20181129,141000,162900,2018-11-29 14:10:00,2018-11-29 16:29:00,26470.0,26462.0,-1,6.0,300.0,139,session_end,ORB,TREND
train,20181130,161000,162900,2018-11-30 16:10:00,2018-11-30 16:29:00,26524.0,26524.0,1,-2.0,-100.0,19,session_end,MR,RANGE
train,20181203,161600,162900,2018-12-03 16:16:00,2018-12-03 16:29:00,27255.0,27268.0,-1,-15.0,-750.0,13,session_end,MR,RANGE
train,20181204,130700,141700,2018-12-04 13:07:00,2018-12-04 14:17:00,27082.0,27125.0,1,41.0,2050.0,70,mr_exit,MR,RANGE
train,20181204,143800,162900,2018-12-04 14:38:00,2018-12-04 16:29:00,27187.0,27253.0,1,64.0,3200.0,111,session_end,ORB,TREND
train,20181205,131300,145600,2018-12-05 13:13:00,2018-12-05 14:56:00,26811.0,26852.0,1,39.0,1950.0,103,mr_exit,MR,RANGE
train,20181205,151600,152900,2018-12-05 15:16:00,2018-12-05 15:29:00,26812.0,26856.0,1,42.0,2100.0,13,mr_exit,MR,RANGE
train,20181205,161000,162900,2018-12-05 16:10:00,2018-12-05 16:29:00,26796.0,26778.0,1,-20.0,-1000.0,19,session_end,MR,RANGE
train,20181206,111700,152700,2018-12-06 11:17:00,2018-12-06 15:27:00,26024.0,26146.0,1,120.0,6000.0,190,take_profit,MR,RANGE
train,20181207,152800,155700,2018-12-07 15:28:00,2018-12-07 15:57:00,26149.0,26065.0,1,-86.0,-4300.0,29,stop_loss,MR,RANGE
train,20181207,155800,162900,2018-12-07 15:58:00,2018-12-07 16:29:00,26070.0,26101.0,1,29.0,1450.0,31,session_end,MR,RANGE
train,20181210,160200,162900,2018-12-10 16:02:00,2018-12-10 16:29:00,25741.0,25725.0,-1,14.0,700.0,27,session_end,MR,RANGE
train,20181211,111600,113700,2018-12-11 11:16:00,2018-12-11 11:37:00,25850.0,25732.0,-1,116.0,5800.0,21,take_profit,MR,RANGE
train,20181211,143100,160000,2018-12-11 14:31:00,2018-12-11 16:00:00,25760.0,25733.0,-1,25.0,1250.0,89,mr_exit,MR,RANGE
train,20181212,113700,160700,2018-12-12 11:37:00,2018-12-12 16:07:00,26195.0,26169.0,-1,24.0,1200.0,210,mr_exit,MR,RANGE
train,20181212,161600,162900,2018-12-12 16:16:00,2018-12-12 16:29:00,26221.0,26227.0,-1,-8.0,-400.0,13,session_end,MR,RANGE
train,20181213,152600,162900,2018-12-13 15:26:00,2018-12-13 16:29:00,26576.0,26530.0,-1,44.0,2200.0,63,session_end,MR,RANGE
train,20181214,134800,162900,2018-12-14 13:48:00,2018-12-14 16:29:00,26090.0,26025.0,1,-67.0,-3350.0,161,session_end,MR,RANGE
train,20181217,150300,152800,2018-12-17 15:03:00,2018-12-17 15:28:00,26165.0,26136.0,-1,27.0,1350.0,25,mr_exit,MR,RANGE
train,20181217,160900,162900,2018-12-17 16:09:00,2018-12-17 16:29:00,26095.0,26073.0,1,-24.0,-1200.0,20,session_end,MR,RANGE
train,20181218,112000,162900,2018-12-18 11:20:00,2018-12-18 16:29:00,25829.0,25829.0,-1,-2.0,-100.0,249,session_end,ORB,TREND
train,20181219,153300,155100,2018-12-19 15:33:00,2018-12-19 15:51:00,25917.0,25866.0,-1,49.0,2450.0,18,mr_exit,MR,RANGE
train,20181220,111400,112500,2018-12-20 11:14:00,2018-12-20 11:25:00,25640.0,25553.0,1,-89.0,-4450.0,11,stop_loss,MR,RANGE
train,20181220,112600,130100,2018-12-20 11:26:00,2018-12-20 13:01:00,25558.0,25465.0,1,-95.0,-4750.0,35,stop_loss,MR,RANGE
train,20181220,130200,134700,2018-12-20 13:02:00,2018-12-20 13:47:00,25448.0,25539.0,-1,-93.0,-4650.0,45,stop_loss,ORB,TREND
train,20181221,133900,145700,2018-12-21 13:39:00,2018-12-21 14:57:00,25590.0,25676.0,-1,-88.0,-4400.0,78,stop_loss,MR,RANGE
train,20181221,145800,154600,2018-12-21 14:58:00,2018-12-21 15:46:00,25685.0,25776.0,-1,-93.0,-4650.0,48,stop_loss,MR,RANGE
train,20181221,154700,162900,2018-12-21 15:47:00,2018-12-21 16:29:00,25755.0,25660.0,-1,93.0,4650.0,42,session_end,MR,RANGE
train,20181227,130600,133400,2018-12-27 13:06:00,2018-12-27 13:34:00,25798.0,25702.0,1,-98.0,-4900.0,28,stop_loss,MR,RANGE
train,20181227,133500,134700,2018-12-27 13:35:00,2018-12-27 13:47:00,25706.0,25610.0,1,-98.0,-4900.0,12,stop_loss,MR,RANGE
train,20181227,134800,155000,2018-12-27 13:48:00,2018-12-27 15:50:00,25604.0,25483.0,-1,119.0,5950.0,122,take_profit,ORB,TREND
train,20181228,130100,140100,2018-12-28 13:01:00,2018-12-28 14:01:00,25567.0,25521.0,-1,44.0,2200.0,60,mr_exit,MR,RANGE
train,20181228,154000,161200,2018-12-28 15:40:00,2018-12-28 16:12:00,25464.0,25522.0,1,56.0,2800.0,32,mr_exit,MR,RANGE
train,20190102,115300,134600,2019-01-02 11:53:00,2019-01-02 13:46:00,25190.0,25105.0,1,-87.0,-4350.0,53,stop_loss,MR,RANGE
train,20190102,134700,151000,2019-01-02 13:47:00,2019-01-02 15:10:00,25117.0,25032.0,1,-87.0,-4350.0,83,stop_loss,MR,RANGE
train,20190102,151100,162900,2019-01-02 15:11:00,2019-01-02 16:29:00,25026.0,24997.0,1,-31.0,-1550.0,78,session_end,MR,RANGE
train,20190103,110900,114300,2019-01-03 11:09:00,2019-01-03 11:43:00,24945.0,25031.0,-1,-88.0,-4400.0,34,stop_loss,ORB,TREND
train,20190103,134800,144800,2019-01-03 13:48:00,2019-01-03 14:48:00,24917.0,25029.0,1,110.0,5500.0,60,mr_exit,MR,RANGE
train,20190104,110700,145700,2019-01-04 11:07:00,2019-01-04 14:57:00,25423.0,25544.0,1,119.0,5950.0,170,take_profit,ORB,TREND
train,20190104,145800,160400,2019-01-04 14:58:00,2019-01-04 16:04:00,25560.0,25645.0,-1,-87.0,-4350.0,66,stop_loss,MR,RANGE
train,20190104,160500,162900,2019-01-04 16:05:00,2019-01-04 16:29:00,25635.0,25605.0,-1,28.0,1400.0,24,session_end,MR,RANGE
train,20190107,112000,162900,2019-01-07 11:20:00,2019-01-07 16:29:00,25792.0,25848.0,1,54.0,2700.0,249,session_end,MR,RANGE
train,20190109,103700,143900,2019-01-09 10:37:00,2019-01-09 14:39:00,26556.0,26474.0,1,-84.0,-4200.0,182,stop_loss,ORB,TREND
train,20190109,144000,162900,2019-01-09 14:40:00,2019-01-09 16:29:00,26458.0,26506.0,1,46.0,2300.0,109,session_end,ORB,TREND
train,20190110,112600,114900,2019-01-10 11:26:00,2019-01-10 11:49:00,26499.0,26594.0,-1,-97.0,-4850.0,23,stop_loss,MR,RANGE
train,20190110,115000,131600,2019-01-10 11:50:00,2019-01-10 13:16:00,26587.0,26498.0,1,-91.0,-4550.0,26,stop_loss,ORB,TREND
train,20190110,140100,144100,2019-01-10 14:01:00,2019-01-10 14:41:00,26561.0,26437.0,-1,122.0,6100.0,40,take_profit,MR,RANGE
train,20190111,150000,162900,2019-01-11 15:00:00,2019-01-11 16:29:00,26691.0,26689.0,-1,0.0,0.0,89,session_end,MR,RANGE
train,20190114,101700,110600,2019-01-14 10:17:00,2019-01-14 11:06:00,26315.0,26174.0,-1,139.0,6950.0,49,take_profit,ORB,TREND
train,20190114,133600,162900,2019-01-14 13:36:00,2019-01-14 16:29:00,26252.0,26301.0,1,47.0,2350.0,173,session_end,MR,RANGE
train,20190115,110200,131000,2019-01-15 11:02:00,2019-01-15 13:10:00,26785.0,26691.0,1,-96.0,-4800.0,68,stop_loss,ORB,TREND
train,20190115,135700,162900,2019-01-15 13:57:00,2019-01-15 16:29:00,26790.0,26756.0,-1,32.0,1600.0,152,session_end,MR,RANGE
train,20190116,130800,135700,2019-01-16 13:08:00,2019-01-16 13:57:00,26821.0,26914.0,-1,-95.0,-4750.0,49,stop_loss,MR,RANGE
train,20190116,135800,162900,2019-01-16 13:58:00,2019-01-16 16:29:00,26893.0,26880.0,-1,11.0,550.0,151,session_end,MR,RANGE
train,20190117,161700,162900,2019-01-17 16:17:00,2019-01-17 16:29:00,26746.0,26770.0,1,22.0,1100.0,12,session_end,MR,RANGE
train,20190118,135800,151700,2019-01-18 13:58:00,2019-01-18 15:17:00,27088.0,27055.0,-1,31.0,1550.0,79,mr_exit,MR,RANGE
train,20190118,155100,162900,2019-01-18 15:51:00,2019-01-18 16:29:00,27088.0,27105.0,-1,-19.0,-950.0,38,session_end,MR,RANGE
train,20190121,140400,143100,2019-01-21 14:04:00,2019-01-21 14:31:00,27126.0,27184.0,1,56.0,2800.0,27,mr_exit,MR,RANGE
train,20190121,162800,162900,2019-01-21 16:28:00,2019-01-21 16:29:00,27213.0,27222.0,-1,-11.0,-550.0,1,session_end,MR,RANGE
train,20190122,113600,130100,2019-01-22 11:36:00,2019-01-22 13:01:00,26978.0,26881.0,1,-99.0,-4950.0,25,stop_loss,MR,RANGE
train,20190122,130200,161200,2019-01-22 13:02:00,2019-01-22 16:12:00,26875.0,26995.0,1,118.0,5900.0,190,take_profit,MR,RANGE
train,20190123,151500,162900,2019-01-23 15:15:00,2019-01-23 16:29:00,26987.0,26985.0,1,-4.0,-200.0,74,session_end,MR,RANGE
train,20190124,134000,162900,2019-01-24 13:40:00,2019-01-24 16:29:00,27071.0,27088.0,-1,-19.0,-950.0,169,session_end,MR,RANGE
train,20190125,114100,162900,2019-01-25 11:41:00,2019-01-25 16:29:00,27546.0,27593.0,-1,-49.0,-2450.0,228,session_end,MR,RANGE
train,20190128,111400,134900,2019-01-28 11:14:00,2019-01-28 13:49:00,27634.0,27522.0,1,-114.0,-5700.0,95,stop_loss,MR,RANGE
train,20190128,135000,162900,2019-01-28 13:50:00,2019-01-28 16:29:00,27533.0,27554.0,-1,-23.0,-1150.0,159,session_end,ORB,TREND
train,20190129,133000,162900,2019-01-29 13:30:00,2019-01-29 16:29:00,27518.0,27576.0,-1,-60.0,-3000.0,179,session_end,MR,RANGE
train,20190130,112100,135300,2019-01-30 11:21:00,2019-01-30 13:53:00,27600.0,27494.0,-1,104.0,5200.0,92,mr_exit,MR,RANGE
train,20190130,151400,160700,2019-01-30 15:14:00,2019-01-30 16:07:00,27536.0,27620.0,-1,-86.0,-4300.0,53,stop_loss,MR,RANGE
train,20190130,160800,162900,2019-01-30 16:08:00,2019-01-30 16:29:00,27612.0,27639.0,-1,-29.0,-1450.0,21,session_end,MR,RANGE
train,20190131,111600,132900,2019-01-31 11:16:00,2019-01-31 13:29:00,27956.0,27869.0,1,-89.0,-4450.0,73,stop_loss,ORB,TREND
train,20190131,134600,141200,2019-01-31 13:46:00,2019-01-31 14:12:00,27916.0,27860.0,-1,54.0,2700.0,26,mr_exit,MR,RANGE
train,20190131,144700,162100,2019-01-31 14:47:00,2019-01-31 16:21:00,27915.0,28005.0,-1,-92.0,-4600.0,94,stop_loss,MR,RANGE
train,20190201,114200,130200,2019-02-01 11:42:00,2019-02-01 13:02:00,27864.0,27753.0,1,-113.0,-5650.0,20,stop_loss,MR,RANGE
train,20190201,130300,154500,2019-02-01 13:03:00,2019-02-01 15:45:00,27759.0,27887.0,1,126.0,6300.0,162,take_profit,MR,RANGE
train,20190201,160600,162900,2019-02-01 16:06:00,2019-02-01 16:29:00,27837.0,27861.0,1,22.0,1100.0,23,session_end,MR,RANGE
train,20190208,110600,134700,2019-02-08 11:06:00,2019-02-08 13:47:00,27729.0,27851.0,1,120.0,6000.0,101,take_profit,ORB,TREND
train,20190208,134800,150700,2019-02-08 13:48:00,2019-02-08 15:07:00,27843.0,27925.0,-1,-84.0,-4200.0,79,stop_loss,MR,RANGE
train,20190208,150800,162900,2019-02-08 15:08:00,2019-02-08 16:29:00,27909.0,27954.0,-1,-47.0,-2350.0,81,session_end,MR,RANGE
train,20190211,134400,143100,2019-02-11 13:44:00,2019-02-11 14:31:00,27929.0,28028.0,-1,-101.0,-5050.0,47,stop_loss,MR,RANGE
train,20190211,143200,160800,2019-02-11 14:32:00,2019-02-11 16:08:00,28011.0,28097.0,-1,-88.0,-4400.0,96,stop_loss,MR,RANGE
train,20190211,160900,162900,2019-02-11 16:09:00,2019-02-11 16:29:00,28097.0,28140.0,-1,-45.0,-2250.0,20,session_end,MR,RANGE
train,20190212,140900,162900,2019-02-12 14:09:00,2019-02-12 16:29:00,28131.0,28119.0,-1,10.0,500.0,140,session_end,MR,RANGE
train,20190213,111600,133100,2019-02-13 11:16:00,2019-02-13 13:31:00,28350.0,28435.0,-1,-87.0,-4350.0,75,stop_loss,MR,RANGE
train,20190213,133200,162900,2019-02-13 13:32:00,2019-02-13 16:29:00,28428.0,28402.0,-1,24.0,1200.0,177,session_end,MR,RANGE
train,20190214,142700,160800,2019-02-14 14:27:00,2019-02-14 16:08:00,28426.0,28340.0,-1,84.0,4200.0,101,mr_exit,MR,RANGE
train,20190215,115800,143400,2019-02-15 11:58:00,2019-02-15 14:34:00,27908.0,27826.0,1,-84.0,-4200.0,96,stop_loss,MR,RANGE
train,20190215,143500,162900,2019-02-15 14:35:00,2019-02-15 16:29:00,27839.0,27854.0,1,13.0,650.0,114,session_end,MR,RANGE
train,20190218,134400,153600,2019-02-18 13:44:00,2019-02-18 15:36:00,28350.0,28303.0,-1,45.0,2250.0,112,mr_exit,MR,RANGE
train,20190219,130600,162900,2019-02-19 13:06:00,2019-02-19 16:29:00,28218.0,28158.0,-1,58.0,2900.0,203,session_end,ORB,TREND
train,20190220,160600,162900,2019-02-20 16:06:00,2019-02-20 16:29:00,28483.0,28505.0,-1,-24.0,-1200.0,23,session_end,MR,RANGE
train,20190221,114000,140000,2019-02-21 11:40:00,2019-02-21 14:00:00,28721.0,28599.0,-1,120.0,6000.0,80,take_profit,MR,RANGE
train,20190222,133700,143000,2019-02-22 13:37:00,2019-02-22 14:30:00,28595.0,28682.0,-1,-89.0,-4450.0,53,stop_loss,MR,RANGE
train,20190222,143100,155000,2019-02-22 14:31:00,2019-02-22 15:50:00,28696.0,28789.0,-1,-95.0,-4750.0,79,stop_loss,MR,RANGE
train,20190222,155100,162000,2019-02-22 15:51:00,2019-02-22 16:20:00,28777.0,28860.0,-1,-85.0,-4250.0,29,stop_loss,MR,RANGE
train,20190225,143600,161000,2019-02-25 14:36:00,2019-02-25 16:10:00,28979.0,28900.0,-1,77.0,3850.0,94,mr_exit,MR,RANGE
train,20190226,133700,162900,2019-02-26 13:37:00,2019-02-26 16:29:00,28786.0,28722.0,1,-66.0,-3300.0,172,session_end,MR,RANGE
train,20190227,132600,141800,2019-02-27 13:26:00,2019-02-27 14:18:00,29013.0,28921.0,-1,90.0,4500.0,52,mr_exit,MR,RANGE
train,20190227,142100,142400,2019-02-27 14:21:00,2019-02-27 14:24:00,28852.0,28766.0,1,-88.0,-4400.0,3,stop_loss,MR,RANGE
train,20190227,142500,144000,2019-02-27 14:25:00,2019-02-27 14:40:00,28796.0,28691.0,1,-107.0,-5350.0,15,stop_loss,MR,RANGE
train,20190228,140000,150200,2019-02-28 14:00:00,2019-02-28 15:02:00,28702.0,28609.0,1,-95.0,-4750.0,62,stop_loss,MR,RANGE
train,20190228,150300,162900,2019-02-28 15:03:00,2019-02-28 16:29:00,28600.0,28692.0,1,90.0,4500.0,86,session_end,MR,RANGE
train,20190301,154900,161900,2019-03-01 15:49:00,2019-03-01 16:19:00,28772.0,28745.0,-1,25.0,1250.0,30,mr_exit,MR,RANGE
train,20190304,111400,113500,2019-03-04 11:14:00,2019-03-04 11:35:00,28887.0,28999.0,-1,-114.0,-5700.0,21,stop_loss,MR,RANGE
train,20190304,113600,114500,2019-03-04 11:36:00,2019-03-04 11:45:00,28993.0,29091.0,-1,-100.0,-5000.0,9,stop_loss,MR,RANGE
train,20190305,132800,162900,2019-03-05 13:28:00,2019-03-05 16:29:00,28915.0,28905.0,-1,8.0,400.0,181,session_end,MR,RANGE
train,20190306,131900,140200,2019-03-06 13:19:00,2019-03-06 14:02:00,29039.0,28999.0,-1,38.0,1900.0,43,mr_exit,MR,RANGE
train,20190306,160800,162900,2019-03-06 16:08:00,2019-03-06 16:29:00,29030.0,29035.0,-1,-7.0,-350.0,21,session_end,MR,RANGE
train,20190307,132300,160400,2019-03-07 13:23:00,2019-03-07 16:04:00,28839.0,28745.0,1,-96.0,-4800.0,161,stop_loss,MR,RANGE
train,20190307,160500,162900,2019-03-07 16:05:00,2019-03-07 16:29:00,28756.0,28732.0,1,-26.0,-1300.0,24,session_end,MR,RANGE
train,20190308,135300,151600,2019-03-08 13:53:00,2019-03-08 15:16:00,28305.0,28223.0,1,-84.0,-4200.0,83,stop_loss,MR,RANGE
train,20190308,151700,162900,2019-03-08 15:17:00,2019-03-08 16:29:00,28217.0,28242.0,1,23.0,1150.0,72,session_end,MR,RANGE
train,20190311,130900,162900,2019-03-11 13:09:00,2019-03-11 16:29:00,28449.0,28489.0,-1,-42.0,-2100.0,200,session_end,MR,RANGE
train,20190312,131000,135300,2019-03-12 13:10:00,2019-03-12 13:53:00,28938.0,28852.0,-1,84.0,4200.0,43,mr_exit,MR,RANGE
train,20190312,152100,162900,2019-03-12 15:21:00,2019-03-12 16:29:00,28955.0,28917.0,-1,36.0,1800.0,68,session_end,MR,RANGE
train,20190313,130400,133000,2019-03-13 13:04:00,2019-03-13 13:30:00,28735.0,28824.0,1,87.0,4350.0,26,mr_exit,MR,RANGE
train,20190314,112800,113400,2019-03-14 11:28:00,2019-03-14 11:34:00,28820.0,28736.0,1,-86.0,-4300.0,6,stop_loss,MR,RANGE
train,20190314,113500,115100,2019-03-14 11:35:00,2019-03-14 11:51:00,28728.0,28848.0,1,118.0,5900.0,16,take_profit,MR,RANGE
train,20190314,144000,153000,2019-03-14 14:40:00,2019-03-14 15:30:00,28770.0,28844.0,1,72.0,3600.0,50,mr_exit,MR,RANGE
train,20190315,103700,110100,2019-03-15 10:37:00,2019-03-15 11:01:00,29086.0,29231.0,1,143.0,7150.0,24,take_profit,ORB,TREND
train,20190315,110200,112000,2019-03-15 11:02:00,2019-03-15 11:20:00,29229.0,29124.0,1,-107.0,-5350.0,18,stop_loss,ORB,TREND
train,20190315,143200,160400,2019-03-15 14:32:00,2019-03-15 16:04:00,29129.0,29056.0,-1,71.0,3550.0,92,mr_exit,MR,RANGE
train,20190318,132600,152800,2019-03-18 13:26:00,2019-03-18 15:28:00,29285.0,29392.0,-1,-109.0,-5450.0,122,stop_loss,MR,RANGE
train,20190318,152900,162900,2019-03-18 15:29:00,2019-03-18 16:29:00,29379.0,29393.0,-1,-16.0,-800.0,60,session_end,MR,RANGE
train,20190319,113800,132800,2019-03-19 11:38:00,2019-03-19 13:28:00,29363.0,29415.0,1,50.0,2500.0,50,mr_exit,MR,RANGE
train,20190319,134800,143600,2019-03-19 13:48:00,2019-03-19 14:36:00,29354.0,29408.0,1,52.0,2600.0,48,mr_exit,MR,RANGE
train,20190319,160300,162900,2019-03-19 16:03:00,2019-03-19 16:29:00,29517.0,29493.0,-1,22.0,1100.0,26,session_end,MR,RANGE
train,20190320,110800,112000,2019-03-20 11:08:00,2019-03-20 11:20:00,29429.0,29334.0,1,-97.0,-4850.0,12,stop_loss,ORB,TREND
train,20190321,135800,144400,2019-03-21 13:58:00,2019-03-21 14:44:00,29370.0,29264.0,1,-108.0,-5400.0,46,stop_loss,MR,RANGE
train,20190321,144500,145300,2019-03-21 14:45:00,2019-03-21 14:53:00,29283.0,29173.0,1,-112.0,-5600.0,8,stop_loss,MR,RANGE
train,20190322,105300,112200,2019-03-22 10:53:00,2019-03-22 11:22:00,28982.0,28858.0,-1,122.0,6100.0,29,take_profit,ORB,TREND
train,20190322,112300,130100,2019-03-22 11:23:00,2019-03-22 13:01:00,28841.0,28926.0,-1,-87.0,-4350.0,38,stop_loss,ORB,TREND
train,20190322,143600,151600,2019-03-22 14:36:00,2019-03-22 15:16:00,28957.0,29040.0,1,81.0,4050.0,40,mr_exit,MR,RANGE
train,20190325,155200,162900,2019-03-25 15:52:00,2019-03-25 16:29:00,28475.0,28531.0,1,54.0,2700.0,37,session_end,MR,RANGE
train,20190326,112100,135800,2019-03-26 11:21:00,2019-03-26 13:58:00,28544.0,28461.0,1,-85.0,-4250.0,97,stop_loss,MR,RANGE
train,20190326,135900,162900,2019-03-26 13:59:00,2019-03-26 16:29:00,28456.0,28537.0,1,79.0,3950.0,150,session_end,MR,RANGE
train,20190327,130800,162800,2019-03-27 13:08:00,2019-03-27 16:28:00,28748.0,28686.0,-1,60.0,3000.0,200,mr_exit,MR,RANGE
train,20190328,115800,155400,2019-03-28 11:58:00,2019-03-28 15:54:00,28787.0,28732.0,-1,53.0,2650.0,176,mr_exit,MR,RANGE
train,20190328,155500,162900,2019-03-28 15:55:00,2019-03-28 16:29:00,28720.0,28771.0,1,49.0,2450.0,34,session_end,ORB,TREND
train,20190329,110000,161000,2019-03-29 11:00:00,2019-03-29 16:10:00,29052.0,29176.0,1,122.0,6100.0,250,take_profit,ORB,TREND
train,20190329,161100,162900,2019-03-29 16:11:00,2019-03-29 16:29:00,29152.0,29075.0,-1,75.0,3750.0,18,session_end,MR,RANGE
train,20190401,143500,162900,2019-04-01 14:35:00,2019-04-01 16:29:00,29600.0,29591.0,-1,7.0,350.0,114,session_end,MR,RANGE
train,20190402,155700,162900,2019-04-02 15:57:00,2019-04-02 16:29:00,29686.0,29727.0,-1,-43.0,-2150.0,32,session_end,MR,RANGE
train,20190403,130700,135600,2019-04-03 13:07:00,2019-04-03 13:56:00,29991.0,29923.0,-1,66.0,3300.0,49,mr_exit,MR,RANGE
train,20190403,142400,162900,2019-04-03 14:24:00,2019-04-03 16:29:00,29980.0,29960.0,-1,18.0,900.0,125,session_end,MR,RANGE
train,20190404,111400,153200,2019-04-04 11:14:00,2019-04-04 15:32:00,29829.0,29953.0,1,122.0,6100.0,198,take_profit,MR,RANGE
train,20190408,130600,143600,2019-04-08 13:06:00,2019-04-08 14:36:00,30041.0,30088.0,1,45.0,2250.0,90,mr_exit,MR,RANGE
train,20190409,110100,132200,2019-04-09 11:01:00,2019-04-09 13:22:00,30255.0,30170.0,1,-87.0,-4350.0,81,stop_loss,ORB,TREND
train,20190409,134100,141400,2019-04-09 13:41:00,2019-04-09 14:14:00,30217.0,30170.0,-1,45.0,2250.0,33,mr_exit,MR,RANGE
train,20190409,160900,162900,2019-04-09 16:09:00,2019-04-09 16:29:00,30220.0,30210.0,-1,8.0,400.0,20,session_end,MR,RANGE
train,20190410,131400,162900,2019-04-10 13:14:00,2019-04-10 16:29:00,30128.0,30125.0,-1,1.0,50.0,195,session_end,MR,RANGE
train,20190411,103000,104900,2019-04-11 10:30:00,2019-04-11 10:49:00,29878.0,29971.0,-1,-95.0,-4750.0,19,stop_loss,ORB,TREND
train,20190411,130400,162900,2019-04-11 13:04:00,2019-04-11 16:29:00,29856.0,29844.0,1,-14.0,-700.0,205,session_end,MR,RANGE
train,20190412,134600,142000,2019-04-12 13:46:00,2019-04-12 14:20:00,29754.0,29783.0,1,27.0,1350.0,34,mr_exit,MR,RANGE
train,20190412,153800,160700,2019-04-12 15:38:00,2019-04-12 16:07:00,29873.0,29987.0,-1,-116.0,-5800.0,29,stop_loss,MR,RANGE
train,20190412,160800,162900,2019-04-12 16:08:00,2019-04-12 16:29:00,29956.0,29952.0,1,-6.0,-300.0,21,session_end,ORB,TREND
train,20190415,112800,113400,2019-04-15 11:28:00,2019-04-15 11:34:00,30176.0,30092.0,1,-86.0,-4300.0,6,stop_loss,MR,RANGE
train,20190415,113500,135100,2019-04-15 11:35:00,2019-04-15 13:51:00,30114.0,30022.0,1,-94.0,-4700.0,76,stop_loss,MR,RANGE
train,20190415,135200,145200,2019-04-15 13:52:00,2019-04-15 14:52:00,30015.0,29926.0,1,-91.0,-4550.0,60,stop_loss,MR,RANGE
train,20190416,130000,154900,2019-04-16 13:00:00,2019-04-16 15:49:00,30050.0,30170.0,1,118.0,5900.0,169,take_profit,ORB,TREND
train,20190416,155000,162900,2019-04-16 15:50:00,2019-04-16 16:29:00,30157.0,30127.0,-1,28.0,1400.0,39,session_end,MR,RANGE
train,20190418,113400,142200,2019-04-18 11:34:00,2019-04-18 14:22:00,29920.0,29997.0,1,75.0,3750.0,108,mr_exit,MR,RANGE
train,20190418,143400,162900,2019-04-18 14:34:00,2019-04-18 16:29:00,29959.0,29945.0,1,-16.0,-800.0,115,session_end,MR,RANGE
train,20190423,115100,134700,2019-04-23 11:51:00,2019-04-23 13:47:00,29973.0,30060.0,-1,-89.0,-4450.0,56,stop_loss,MR,RANGE
train,20190423,134800,150300,2019-04-23 13:48:00,2019-04-23 15:03:00,30046.0,29930.0,-1,114.0,5700.0,75,mr_exit,MR,RANGE
train,20190423,161600,162900,2019-04-23 16:16:00,2019-04-23 16:29:00,29954.0,29959.0,1,3.0,150.0,13,session_end,ORB,TREND
train,20190424,102700,112200,2019-04-24 10:27:00,2019-04-24 11:22:00,29836.0,29712.0,-1,122.0,6100.0,55,take_profit,ORB,TREND
train,20190424,151700,162900,2019-04-24 15:17:00,2019-04-24 16:29:00,29787.0,29757.0,1,-32.0,-1600.0,72,session_end,MR,RANGE
train,20190425,130600,135500,2019-04-25 13:06:00,2019-04-25 13:55:00,29798.0,29743.0,-1,53.0,2650.0,49,mr_exit,MR,RANGE
train,20190425,142000,150400,2019-04-25 14:20:00,2019-04-25 15:04:00,29704.0,29617.0,1,-89.0,-4450.0,44,stop_loss,MR,RANGE
train,20190425,151100,162900,2019-04-25 15:11:00,2019-04-25 16:29:00,29558.0,29524.0,-1,32.0,1600.0,78,session_end,ORB,TREND
train,20190426,132700,135400,2019-04-26 13:27:00,2019-04-26 13:54:00,29654.0,29595.0,-1,57.0,2850.0,27,mr_exit,MR,RANGE
train,20190429,114600,162900,2019-04-29 11:46:00,2019-04-29 16:29:00,29654.0,29667.0,1,11.0,550.0,223,session_end,ORB,TREND
train,20190430,155000,160900,2019-04-30 15:50:00,2019-04-30 16:09:00,29446.0,29491.0,1,43.0,2150.0,19,mr_exit,MR,RANGE
train,20190502,112400,145600,2019-05-02 11:24:00,2019-05-02 14:56:00,29636.0,29729.0,-1,-95.0,-4750.0,152,stop_loss,MR,RANGE
train,20190502,145700,162900,2019-05-02 14:57:00,2019-05-02 16:29:00,29729.0,29653.0,1,-78.0,-3900.0,92,session_end,ORB,TREND
train,20190503,110500,130100,2019-05-03 11:05:00,2019-05-03 13:01:00,29621.0,29772.0,1,149.0,7450.0,56,take_profit,ORB,TREND
train,20190503,131100,162900,2019-05-03 13:11:00,2019-05-03 16:29:00,29762.0,29868.0,1,104.0,5200.0,198,session_end,ORB,TREND
train,20190506,103400,104600,2019-05-06 10:34:00,2019-05-06 10:46:00,28872.0,28744.0,-1,126.0,6300.0,12,take_profit,ORB,TREND
train,20190506,104700,110200,2019-05-06 10:47:00,2019-05-06 11:02:00,28711.0,28840.0,-1,-131.0,-6550.0,15,stop_loss,ORB,TREND
train,20190506,140300,152200,2019-05-06 14:03:00,2019-05-06 15:22:00,28840.0,28929.0,1,87.0,4350.0,79,mr_exit,MR,RANGE
train,20190507,112200,131400,2019-05-07 11:22:00,2019-05-07 13:14:00,29048.0,28958.0,1,-92.0,-4600.0,52,stop_loss,MR,RANGE
train,20190507,141000,142300,2019-05-07 14:10:00,2019-05-07 14:23:00,28975.0,29085.0,1,108.0,5400.0,13,mr_exit,MR,RANGE
train,20190507,143300,144300,2019-05-07 14:33:00,2019-05-07 14:43:00,29202.0,29098.0,1,-106.0,-5300.0,10,stop_loss,ORB,TREND
train,20190508,152400,162900,2019-05-08 15:24:00,2019-05-08 16:29:00,28733.0,28800.0,1,65.0,3250.0,65,session_end,MR,RANGE
train,20190509,103400,112800,2019-05-09 10:34:00,2019-05-09 11:28:00,28312.0,28194.0,-1,116.0,5800.0,54,take_profit,ORB,TREND
train,20190509,130100,131200,2019-05-09 13:01:00,2019-05-09 13:12:00,28173.0,28308.0,1,133.0,6650.0,11,take_profit,MR,RANGE
train,20190509,132700,140500,2019-05-09 13:27:00,2019-05-09 14:05:00,28264.0,28181.0,1,-85.0,-4250.0,38,stop_loss,MR,RANGE
train,20190510,110700,110800,2019-05-10 11:07:00,2019-05-10 11:08:00,28198.0,28186.0,-1,10.0,500.0,1,regime_extreme,ORB,TREND
train,20190514,130600,142000,2019-05-14 13:06:00,2019-05-14 14:20:00,27913.0,27845.0,-1,66.0,3300.0,74,mr_exit,MR,RANGE
train,20190515,134100,152800,2019-05-15 13:41:00,2019-05-15 15:28:00,28087.0,28047.0,-1,38.0,1900.0,107,mr_exit,MR,RANGE
train,20190516,131100,162900,2019-05-16 13:11:00,2019-05-16 16:29:00,28070.0,28077.0,-1,-9.0,-450.0,198,session_end,MR,RANGE
train,20190517,101500,110000,2019-05-17 10:15:00,2019-05-17 11:00:00,27973.0,27844.0,-1,127.0,6350.0,45,take_profit,ORB,TREND
train,20190517,131900,135600,2019-05-17 13:19:00,2019-05-17 13:56:00,27780.0,27697.0,1,-85.0,-4250.0,37,stop_loss,MR,RANGE
train,20190517,135700,162900,2019-05-17 13:57:00,2019-05-17 16:29:00,27685.0,27735.0,1,48.0,2400.0,152,session_end,MR,RANGE
train,20190520,132500,162900,2019-05-20 13:25:00,2019-05-20 16:29:00,27577.0,27640.0,1,61.0,3050.0,184,session_end,MR,RANGE
train,20190521,150400,152500,2019-05-21 15:04:00,2019-05-21 15:25:00,27630.0,27546.0,1,-86.0,-4300.0,21,stop_loss,MR,RANGE
train,20190521,152600,162900,2019-05-21 15:26:00,2019-05-21 16:29:00,27542.0,27565.0,1,21.0,1050.0,63,session_end,MR,RANGE
train,20190522,133100,145700,2019-05-22 13:31:00,2019-05-22 14:57:00,27556.0,27597.0,1,39.0,1950.0,86,mr_exit,MR,RANGE
train,20190523,140300,145900,2019-05-23 14:03:00,2019-05-23 14:59:00,27236.0,27146.0,1,-92.0,-4600.0,56,stop_loss,MR,RANGE
train,20190523,150000,162900,2019-05-23 15:00:00,2019-05-23 16:29:00,27156.0,27235.0,1,77.0,3850.0,89,session_end,MR,RANGE
train,20190524,130900,133100,2019-05-24 13:09:00,2019-05-24 13:31:00,27272.0,27330.0,1,56.0,2800.0,22,mr_exit,MR,RANGE
train,20190524,140600,142000,2019-05-24 14:06:00,2019-05-24 14:20:00,27289.0,27317.0,1,26.0,1300.0,14,mr_exit,MR,RANGE
train,20190527,141900,161100,2019-05-27 14:19:00,2019-05-27 16:11:00,27338.0,27225.0,-1,111.0,5550.0,112,mr_exit,MR,RANGE
train,20190528,114900,143100,2019-05-28 11:49:00,2019-05-28 14:31:00,27387.0,27349.0,-1,36.0,1800.0,102,mr_exit,MR,RANGE
train,20190529,130200,133700,2019-05-29 13:02:00,2019-05-29 13:37:00,27275.0,27367.0,-1,-94.0,-4700.0,35,stop_loss,MR,RANGE
train,20190529,133800,142500,2019-05-29 13:38:00,2019-05-29 14:25:00,27357.0,27268.0,-1,87.0,4350.0,47,mr_exit,MR,RANGE
train,20190530,101800,114000,2019-05-30 10:18:00,2019-05-30 11:40:00,26886.0,26971.0,-1,-87.0,-4350.0,82,stop_loss,ORB,TREND
train,20190531,132500,145300,2019-05-31 13:25:00,2019-05-31 14:53:00,26881.0,26799.0,1,-84.0,-4200.0,88,stop_loss,MR,RANGE
train,20190531,145400,153300,2019-05-31 14:54:00,2019-05-31 15:33:00,26807.0,26714.0,1,-95.0,-4750.0,39,stop_loss,MR,RANGE
train,20190531,153400,162900,2019-05-31 15:34:00,2019-05-31 16:29:00,26711.0,26734.0,1,21.0,1050.0,55,session_end,MR,RANGE
train,20190603,162300,162900,2019-06-03 16:23:00,2019-06-03 16:29:00,26729.0,26729.0,-1,-2.0,-100.0,6,session_end,MR,RANGE
train,20190604,101500,162900,2019-06-04 10:15:00,2019-06-04 16:29:00,26589.0,26630.0,-1,-43.0,-2150.0,314,session_end,ORB,TREND
train,20190605,133900,143800,2019-06-05 13:39:00,2019-06-05 14:38:00,26763.0,26680.0,1,-85.0,-4250.0,59,stop_loss,MR,RANGE
train,20190605,143900,162900,2019-06-05 14:39:00,2019-06-05 16:29:00,26683.0,26798.0,1,113.0,5650.0,110,session_end,MR,RANGE
train,20190606,153100,162900,2019-06-06 15:31:00,2019-06-06 16:29:00,26845.0,26842.0,1,-5.0,-250.0,58,session_end,ORB,TREND
train,20190610,115400,153900,2019-06-10 11:54:00,2019-06-10 15:39:00,27418.0,27502.0,-1,-86.0,-4300.0,165,stop_loss,MR,RANGE
train,20190610,154000,162900,2019-06-10 15:40:00,2019-06-10 16:29:00,27495.0,27465.0,-1,28.0,1400.0,49,session_end,MR,RANGE
train,20190611,131500,161000,2019-06-11 13:15:00,2019-06-11 16:10:00,27718.0,27660.0,-1,56.0,2800.0,175,mr_exit,MR,RANGE
train,20190612,130200,141700,2019-06-12 13:02:00,2019-06-12 14:17:00,27244.0,27159.0,1,-87.0,-4350.0,75,stop_loss,MR,RANGE
train,20190612,141800,162900,2019-06-12 14:18:00,2019-06-12 16:29:00,27156.0,27136.0,1,-22.0,-1100.0,131,session_end,MR,RANGE
train,20190613,101500,103600,2019-06-13 10:15:00,2019-06-13 10:36:00,26717.0,26807.0,-1,-92.0,-4600.0,21,stop_loss,ORB,TREND
train,20190613,144000,153300,2019-06-13 14:40:00,2019-06-13 15:33:00,27009.0,27097.0,-1,-90.0,-4500.0,53,stop_loss,MR,RANGE
train,20190613,153400,155000,2019-06-13 15:34:00,2019-06-13 15:50:00,27111.0,27199.0,-1,-90.0,-4500.0,16,stop_loss,MR,RANGE
train,20190614,134800,161000,2019-06-14 13:48:00,2019-06-14 16:10:00,27024.0,27048.0,1,22.0,1100.0,142,mr_exit,MR,RANGE
train,20190617,140500,162900,2019-06-17 14:05:00,2019-06-17 16:29:00,27199.0,27144.0,1,-57.0,-2850.0,144,session_end,MR,RANGE
train,20190618,130400,142500,2019-06-18 13:04:00,2019-06-18 14:25:00,27362.0,27462.0,-1,-102.0,-5100.0,81,stop_loss,MR,RANGE
train,20190618,142600,162900,2019-06-18 14:26:00,2019-06-18 16:29:00,27461.0,27444.0,-1,15.0,750.0,123,session_end,MR,RANGE
train,20190619,131200,133600,2019-06-19 13:12:00,2019-06-19 13:36:00,28111.0,28080.0,-1,29.0,1450.0,24,mr_exit,MR,RANGE
train,20190619,153900,162900,2019-06-19 15:39:00,2019-06-19 16:29:00,28114.0,28140.0,-1,-28.0,-1400.0,50,session_end,MR,RANGE
train,20190620,115800,132000,2019-06-20 11:58:00,2019-06-20 13:20:00,28406.0,28332.0,-1,72.0,3600.0,22,mr_exit,MR,RANGE
train,20190620,134100,153600,2019-06-20 13:41:00,2019-06-20 15:36:00,28396.0,28480.0,-1,-86.0,-4300.0,115,stop_loss,MR,RANGE
train,20190620,153700,162900,2019-06-20 15:37:00,2019-06-20 16:29:00,28483.0,28497.0,-1,-16.0,-800.0,52,session_end,MR,RANGE
train,20190621,131000,145100,2019-06-21 13:10:00,2019-06-21 14:51:00,28366.0,28406.0,1,38.0,1900.0,101,mr_exit,MR,RANGE
train,20190625,110400,162900,2019-06-25 11:04:00,2019-06-25 16:29:00,28122.0,28180.0,-1,-60.0,-3000.0,265,session_end,ORB,TREND
train,20190626,131300,162900,2019-06-26 13:13:00,2019-06-26 16:29:00,28211.0,28187.0,-1,22.0,1100.0,196,session_end,MR,RANGE
train,20190627,113200,151300,2019-06-27 11:32:00,2019-06-27 15:13:00,28516.0,28603.0,-1,-89.0,-4450.0,161,stop_loss,MR,RANGE
train,20190627,151400,162900,2019-06-27 15:14:00,2019-06-27 16:29:00,28590.0,28557.0,-1,31.0,1550.0,75,session_end,MR,RANGE
train,20190628,134600,142900,2019-06-28 13:46:00,2019-06-28 14:29:00,28402.0,28441.0,1,37.0,1850.0,43,mr_exit,MR,RANGE
train,20190628,161700,162900,2019-06-28 16:17:00,2019-06-28 16:29:00,28502.0,28513.0,-1,-13.0,-650.0,12,session_end,MR,RANGE
val,20190702,130100,132500,2019-07-02 13:01:00,2019-07-02 13:25:00,29037.0,28969.0,-1,66.0,3300.0,24,mr_exit,MR,RANGE
val,20190703,160900,162900,2019-07-03 16:09:00,2019-07-03 16:29:00,28919.0,28922.0,-1,-5.0,-250.0,20,session_end,MR,RANGE
val,20190704,140300,162900,2019-07-04 14:03:00,2019-07-04 16:29:00,28913.0,28837.0,1,-78.0,-3900.0,146,session_end,MR,RANGE
val,20190705,132600,143400,2019-07-05 13:26:00,2019-07-05 14:34:00,28906.0,28864.0,-1,40.0,2000.0,68,mr_exit,MR,RANGE
val,20190705,161500,162900,2019-07-05 16:15:00,2019-07-05 16:29:00,28797.0,28780.0,1,-19.0,-950.0,14,session_end,MR,RANGE
val,20190708,131000,152600,2019-07-08 13:10:00,2019-07-08 15:26:00,28269.0,28335.0,1,64.0,3200.0,136,mr_exit,MR,RANGE
val,20190709,132900,162900,2019-07-09 13:29:00,2019-07-09 16:29:00,28125.0,28116.0,1,-11.0,-550.0,180,session_end,MR,RANGE
val,20190710,142900,153500,2019-07-10 14:29:00,2019-07-10 15:35:00,28190.0,28232.0,1,40.0,2000.0,66,mr_exit,MR,RANGE
val,20190711,140600,162900,2019-07-11 14:06:00,2019-07-11 16:29:00,28430.0,28436.0,1,4.0,200.0,143,session_end,MR,RANGE
val,20190712,113500,144000,2019-07-12 11:35:00,2019-07-12 14:40:00,28596.0,28516.0,-1,78.0,3900.0,125,mr_exit,MR,RANGE
val,20190715,103400,112100,2019-07-15 10:34:00,2019-07-15 11:21:00,28457.0,28580.0,1,121.0,6050.0,47,take_profit,ORB,TREND
val,20190715,131500,162900,2019-07-15 13:15:00,2019-07-15 16:29:00,28521.0,28508.0,-1,11.0,550.0,194,session_end,MR,RANGE
val,20190716,133000,162900,2019-07-16 13:30:00,2019-07-16 16:29:00,28646.0,28630.0,-1,14.0,700.0,179,session_end,MR,RANGE
val,20190717,133500,162900,2019-07-17 13:35:00,2019-07-17 16:29:00,28575.0,28614.0,-1,-41.0,-2050.0,174,session_end,MR,RANGE
val,20190719,115100,162900,2019-07-19 11:51:00,2019-07-19 16:29:00,28794.0,28809.0,-1,-17.0,-850.0,218,session_end,MR,RANGE
val,20190722,132400,144500,2019-07-22 13:24:00,2019-07-22 14:45:00,28543.0,28460.0,1,-85.0,-4250.0,81,stop_loss,MR,RANGE
val,20190722,144600,153800,2019-07-22 14:46:00,2019-07-22 15:38:00,28410.0,28292.0,-1,116.0,5800.0,52,take_profit,ORB,TREND
val,20190722,153900,160900,2019-07-22 15:39:00,2019-07-22 16:09:00,28283.0,28367.0,-1,-86.0,-4300.0,30,stop_loss,ORB,TREND
val,20190723,133900,162900,2019-07-23 13:39:00,2019-07-23 16:29:00,28425.0,28459.0,-1,-36.0,-1800.0,170,session_end,MR,RANGE
val,20190724,130800,152800,2019-07-24 13:08:00,2019-07-24 15:28:00,28654.0,28547.0,1,-109.0,-5450.0,140,stop_loss,MR,RANGE
val,20190724,152900,162900,2019-07-24 15:29:00,2019-07-24 16:29:00,28546.0,28533.0,1,-15.0,-750.0,60,session_end,MR,RANGE
val,20190725,131300,133400,2019-07-25 13:13:00,2019-07-25 13:34:00,28625.0,28594.0,-1,29.0,1450.0,21,mr_exit,MR,RANGE
val,20190725,135700,162000,2019-07-25 13:57:00,2019-07-25 16:20:00,28617.0,28597.0,-1,18.0,900.0,143,mr_exit,MR,RANGE
val,20190726,115200,150500,2019-07-26 11:52:00,2019-07-26 15:05:00,28454.0,28424.0,-1,28.0,1400.0,133,mr_exit,MR,RANGE
val,20190729,102500,151500,2019-07-29 10:25:00,2019-07-29 15:15:00,28040.0,28125.0,-1,-87.0,-4350.0,230,stop_loss,ORB,TREND
val,20190729,151600,162900,2019-07-29 15:16:00,2019-07-29 16:29:00,28116.0,28144.0,-1,-30.0,-1500.0,73,session_end,ORB,TREND
val,20190730,151700,162900,2019-07-30 15:17:00,2019-07-30 16:29:00,28119.0,28127.0,1,6.0,300.0,72,session_end,MR,RANGE
val,20190801,134300,162900,2019-08-01 13:43:00,2019-08-01 16:29:00,27478.0,27458.0,1,-22.0,-1100.0,166,session_end,MR,RANGE
val,20190802,152500,160500,2019-08-02 15:25:00,2019-08-02 16:05:00,26819.0,26863.0,1,42.0,2100.0,40,mr_exit,MR,RANGE
val,20190805,133900,162900,2019-08-05 13:39:00,2019-08-05 16:29:00,26106.0,26047.0,1,-61.0,-3050.0,170,session_end,MR,RANGE
val,20190806,141100,151800,2019-08-06 14:11:00,2019-08-06 15:18:00,25860.0,25943.0,-1,-85.0,-4250.0,67,stop_loss,MR,RANGE
val,20190806,151900,162900,2019-08-06 15:19:00,2019-08-06 16:29:00,25945.0,26019.0,-1,-76.0,-3800.0,70,session_end,MR,RANGE
val,20190807,151600,162900,2019-08-07 15:16:00,2019-08-07 16:29:00,25870.0,25948.0,-1,-80.0,-4000.0,73,session_end,MR,RANGE
val,20190808,152500,162900,2019-08-08 15:25:00,2019-08-08 16:29:00,26026.0,26023.0,1,-5.0,-250.0,64,session_end,MR,RANGE
val,20190809,111500,132500,2019-08-09 11:15:00,2019-08-09 13:25:00,25950.0,26048.0,1,96.0,4800.0,70,mr_exit,MR,RANGE
val,20190809,142300,154400,2019-08-09 14:23:00,2019-08-09 15:44:00,25963.0,25878.0,1,-87.0,-4350.0,81,stop_loss,MR,RANGE
val,20190809,154500,162900,2019-08-09 15:45:00,2019-08-09 16:29:00,25845.0,25888.0,1,41.0,2050.0,44,session_end,MR,RANGE
val,20190812,152900,160200,2019-08-12 15:29:00,2019-08-12 16:02:00,25846.0,25756.0,1,-92.0,-4600.0,33,stop_loss,MR,RANGE
val,20190812,160400,161100,2019-08-12 16:04:00,2019-08-12 16:11:00,25707.0,25588.0,-1,117.0,5850.0,7,take_profit,ORB,TREND
val,20190812,161200,162900,2019-08-12 16:12:00,2019-08-12 16:29:00,25593.0,25574.0,-1,17.0,850.0,17,session_end,ORB,TREND
val,20190813,114100,154700,2019-08-13 11:41:00,2019-08-13 15:47:00,25281.0,25177.0,1,-106.0,-5300.0,186,stop_loss,MR,RANGE
val,20190813,154800,162900,2019-08-13 15:48:00,2019-08-13 16:29:00,25177.0,25203.0,1,24.0,1200.0,41,session_end,MR,RANGE
val,20190814,115900,144000,2019-08-14 11:59:00,2019-08-14 14:40:00,25308.0,25222.0,1,-88.0,-4400.0,101,stop_loss,MR,RANGE
val,20190814,144100,151300,2019-08-14 14:41:00,2019-08-14 15:13:00,25227.0,25116.0,1,-113.0,-5650.0,32,stop_loss,MR,RANGE
val,20190815,132000,144000,2019-08-15 13:20:00,2019-08-15 14:40:00,25253.0,25351.0,-1,-100.0,-5000.0,80,stop_loss,MR,RANGE
val,20190815,144100,154600,2019-08-15 14:41:00,2019-08-15 15:46:00,25338.0,25431.0,-1,-95.0,-4750.0,65,stop_loss,MR,RANGE
val,20190815,154700,162900,2019-08-15 15:47:00,2019-08-15 16:29:00,25453.0,25432.0,-1,19.0,950.0,42,session_end,MR,RANGE
val,20190816,104500,132900,2019-08-16 10:45:00,2019-08-16 13:29:00,25536.0,25658.0,1,120.0,6000.0,104,take_profit,ORB,TREND
val,20190816,133000,134800,2019-08-16 13:30:00,2019-08-16 13:48:00,25638.0,25723.0,-1,-87.0,-4350.0,18,stop_loss,MR,RANGE
val,20190816,134900,145600,2019-08-16 13:49:00,2019-08-16 14:56:00,25721.0,25592.0,-1,127.0,6350.0,67,take_profit,MR,RANGE
val,20190819,130100,142900,2019-08-19 13:01:00,2019-08-19 14:29:00,26159.0,26244.0,-1,-87.0,-4350.0,88,stop_loss,MR,RANGE
val,20190819,143000,162900,2019-08-19 14:30:00,2019-08-19 16:29:00,26230.0,26183.0,-1,45.0,2250.0,119,session_end,MR,RANGE
val,20190820,130200,143200,2019-08-20 13:02:00,2019-08-20 14:32:00,26233.0,26190.0,-1,41.0,2050.0,90,mr_exit,MR,RANGE
val,20190821,133000,162900,2019-08-21 13:30:00,2019-08-21 16:29:00,26206.0,26228.0,-1,-24.0,-1200.0,179,session_end,MR,RANGE
val,20190822,114200,162900,2019-08-22 11:42:00,2019-08-22 16:29:00,25965.0,25981.0,1,14.0,700.0,227,session_end,MR,RANGE
val,20190823,131000,162900,2019-08-23 13:10:00,2019-08-23 16:29:00,26121.0,26110.0,-1,9.0,450.0,199,session_end,MR,RANGE
val,20190826,143100,145800,2019-08-26 14:31:00,2019-08-26 14:58:00,25361.0,25492.0,-1,-133.0,-6650.0,27,stop_loss,MR,RANGE
val,20190826,145900,150600,2019-08-26 14:59:00,2019-08-26 15:06:00,25543.0,25461.0,1,-84.0,-4200.0,7,stop_loss,ORB,TREND
val,20190827,150200,161200,2019-08-27 15:02:00,2019-08-27 16:12:00,25579.0,25639.0,1,58.0,2900.0,70,mr_exit,MR,RANGE
val,20190828,140900,162900,2019-08-28 14:09:00,2019-08-28 16:29:00,25633.0,25617.0,1,-18.0,-900.0,140,session_end,MR,RANGE
val,20190829,151300,151900,2019-08-29 15:13:00,2019-08-29 15:19:00,25523.0,25610.0,-1,-89.0,-4450.0,6,stop_loss,MR,RANGE
val,20190829,152000,162900,2019-08-29 15:20:00,2019-08-29 16:29:00,25603.0,25646.0,-1,-45.0,-2250.0,69,session_end,MR,RANGE
val,20190830,133500,140100,2019-08-30 13:35:00,2019-08-30 14:01:00,25731.0,25645.0,1,-88.0,-4400.0,26,stop_loss,MR,RANGE
val,20190830,140200,142100,2019-08-30 14:02:00,2019-08-30 14:21:00,25615.0,25474.0,-1,139.0,6950.0,19,take_profit,ORB,TREND
val,20190830,142200,151000,2019-08-30 14:22:00,2019-08-30 15:10:00,25485.0,25576.0,-1,-93.0,-4650.0,48,stop_loss,ORB,TREND
val,20190903,131200,142800,2019-09-03 13:12:00,2019-09-03 14:28:00,25443.0,25511.0,1,66.0,3300.0,76,mr_exit,MR,RANGE
val,20190903,144800,162900,2019-09-03 14:48:00,2019-09-03 16:29:00,25451.0,25466.0,1,13.0,650.0,101,session_end,MR,RANGE
val,20190904,101500,114800,2019-09-04 10:15:00,2019-09-04 11:48:00,25810.0,25710.0,1,-102.0,-5100.0,93,stop_loss,ORB,TREND
val,20190904,135800,140200,2019-09-04 13:58:00,2019-09-04 14:02:00,25863.0,25945.0,-1,-84.0,-4200.0,4,stop_loss,MR,RANGE
val,20190904,140300,140800,2019-09-04 14:03:00,2019-09-04 14:08:00,25980.0,26150.0,1,168.0,8400.0,5,take_profit,ORB,TREND
val,20190906,130300,151300,2019-09-06 13:03:00,2019-09-06 15:13:00,26556.0,26631.0,1,73.0,3650.0,130,mr_exit,MR,RANGE
val,20190906,162600,162900,2019-09-06 16:26:00,2019-09-06 16:29:00,26567.0,26586.0,1,17.0,850.0,3,session_end,MR,RANGE
val,20190909,153400,162900,2019-09-09 15:34:00,2019-09-09 16:29:00,26642.0,26629.0,1,-15.0,-750.0,55,session_end,MR,RANGE
val,20190910,130200,145900,2019-09-10 13:02:00,2019-09-10 14:59:00,26651.0,26695.0,1,42.0,2100.0,117,mr_exit,MR,RANGE
val,20190910,151600,162900,2019-09-10 15:16:00,2019-09-10 16:29:00,26665.0,26637.0,1,-30.0,-1500.0,73,session_end,MR,RANGE
val,20190911,111400,111600,2019-09-11 11:14:00,2019-09-11 11:16:00,26870.0,26995.0,-1,-127.0,-6350.0,2,stop_loss,MR,RANGE
val,20190911,111700,113500,2019-09-11 11:17:00,2019-09-11 11:35:00,27030.0,27069.0,1,37.0,1850.0,18,regime_extreme,ORB,TREND
val,20190911,140400,162900,2019-09-11 14:04:00,2019-09-11 16:29:00,27107.0,27102.0,-1,3.0,150.0,145,session_end,MR,RANGE
val,20190912,101600,150000,2019-09-12 10:16:00,2019-09-12 15:00:00,27049.0,27134.0,-1,-87.0,-4350.0,224,stop_loss,ORB,TREND
val,20190913,115600,150600,2019-09-13 11:56:00,2019-09-13 15:06:00,27205.0,27293.0,-1,-90.0,-4500.0,130,stop_loss,MR,RANGE
val,20190913,150700,152900,2019-09-13 15:07:00,2019-09-13 15:29:00,27289.0,27372.0,-1,-85.0,-4250.0,22,stop_loss,MR,RANGE
val,20190913,153000,162900,2019-09-13 15:30:00,2019-09-13 16:29:00,27382.0,27307.0,1,-77.0,-3850.0,59,session_end,ORB,TREND
val,20190916,144500,150300,2019-09-16 14:45:00,2019-09-16 15:03:00,27039.0,27072.0,1,31.0,1550.0,18,mr_exit,MR,RANGE
val,20190917,114700,132200,2019-09-17 11:47:00,2019-09-17 13:22:00,26849.0,26764.0,1,-87.0,-4350.0,35,stop_loss,MR,RANGE
val,20190917,132300,162900,2019-09-17 13:23:00,2019-09-17 16:29:00,26773.0,26760.0,1,-15.0,-750.0,186,session_end,MR,RANGE
val,20190918,130800,151300,2019-09-18 13:08:00,2019-09-18 15:13:00,26786.0,26820.0,1,32.0,1600.0,125,mr_exit,MR,RANGE
val,20190918,153600,162900,2019-09-18 15:36:00,2019-09-18 16:29:00,26789.0,26727.0,1,-64.0,-3200.0,53,session_end,MR,RANGE
val,20190919,102000,105900,2019-09-19 10:20:00,2019-09-19 10:59:00,26554.0,26435.0,-1,117.0,5850.0,39,take_profit,ORB,TREND
val,20190919,114200,162900,2019-09-19 11:42:00,2019-09-19 16:29:00,26425.0,26492.0,1,65.0,3250.0,227,session_end,MR,RANGE
val,20190920,140800,162900,2019-09-20 14:08:00,2019-09-20 16:29:00,26492.0,26422.0,1,-72.0,-3600.0,141,session_end,MR,RANGE
val,20190923,115700,150600,2019-09-23 11:57:00,2019-09-23 15:06:00,26227.0,26327.0,1,98.0,4900.0,129,mr_exit,MR,RANGE
val,20190923,153100,161800,2019-09-23 15:31:00,2019-09-23 16:18:00,26251.0,26168.0,1,-85.0,-4250.0,47,stop_loss,MR,RANGE
val,20190923,161900,162900,2019-09-23 16:19:00,2019-09-23 16:29:00,26155.0,26141.0,-1,12.0,600.0,10,session_end,ORB,TREND
val,20190924,141600,145800,2019-09-24 14:16:00,2019-09-24 14:58:00,26297.0,26323.0,1,24.0,1200.0,42,mr_exit,MR,RANGE
val,20190924,160800,162900,2019-09-24 16:08:00,2019-09-24 16:29:00,26279.0,26272.0,1,-9.0,-450.0,21,session_end,MR,RANGE
val,20190925,140700,162900,2019-09-25 14:07:00,2019-09-25 16:29:00,25959.0,25907.0,1,-54.0,-2700.0,142,session_end,MR,RANGE
val,20190926,130200,153300,2019-09-26 13:02:00,2019-09-26 15:33:00,25971.0,26004.0,1,31.0,1550.0,151,mr_exit,MR,RANGE
val,20190927,132900,150100,2019-09-27 13:29:00,2019-09-27 15:01:00,25972.0,25938.0,-1,32.0,1600.0,92,mr_exit,MR,RANGE
val,20190930,114300,131000,2019-09-30 11:43:00,2019-09-30 13:10:00,26005.0,26106.0,-1,-103.0,-5150.0,27,stop_loss,MR,RANGE
val,20190930,131100,154000,2019-09-30 13:11:00,2019-09-30 15:40:00,26145.0,26059.0,1,-88.0,-4400.0,149,stop_loss,ORB,TREND
val,20190930,154100,162900,2019-09-30 15:41:00,2019-09-30 16:29:00,26068.0,26044.0,-1,22.0,1100.0,48,session_end,MR,RANGE
val,20191002,112500,130300,2019-10-02 11:25:00,2019-10-02 13:03:00,25936.0,26024.0,-1,-90.0,-4500.0,38,stop_loss,MR,RANGE
val,20191002,130400,162900,2019-10-02 13:04:00,2019-10-02 16:29:00,26018.0,25962.0,-1,54.0,2700.0,205,session_end,MR,RANGE
val,20191003,101500,145400,2019-10-03 10:15:00,2019-10-03 14:54:00,25910.0,26078.0,1,166.0,8300.0,219,take_profit,ORB,TREND
val,20191003,145500,145900,2019-10-03 14:55:00,2019-10-03 14:59:00,26049.0,26212.0,-1,-165.0,-8250.0,4,stop_loss,MR,RANGE
val,20191003,162500,162900,2019-10-03 16:25:00,2019-10-03 16:29:00,26156.0,26151.0,-1,3.0,150.0,4,session_end,MR,RANGE
val,20191004,110100,131100,2019-10-04 11:01:00,2019-10-04 13:11:00,25932.0,26015.0,-1,-85.0,-4250.0,70,stop_loss,ORB,TREND
val,20191004,133200,140100,2019-10-04 13:32:00,2019-10-04 14:01:00,25967.0,25877.0,1,-92.0,-4600.0,29,stop_loss,MR,RANGE
val,20191004,140200,141200,2019-10-04 14:02:00,2019-10-04 14:12:00,25833.0,25695.0,-1,136.0,6800.0,10,take_profit,ORB,TREND
val,20191008,101700,110600,2019-10-08 10:17:00,2019-10-08 11:06:00,26071.0,26188.0,1,115.0,5750.0,49,take_profit,ORB,TREND
val,20191008,115900,132200,2019-10-08 11:59:00,2019-10-08 13:22:00,26012.0,25908.0,1,-106.0,-5300.0,23,stop_loss,ORB,TREND
val,20191008,132300,162900,2019-10-08 13:23:00,2019-10-08 16:29:00,25911.0,25861.0,1,-52.0,-2600.0,186,session_end,ORB,TREND
val,20191009,133600,140000,2019-10-09 13:36:00,2019-10-09 14:00:00,25667.0,25751.0,1,82.0,4100.0,24,mr_exit,MR,RANGE
val,20191009,144300,162900,2019-10-09 14:43:00,2019-10-09 16:29:00,25684.0,25662.0,1,-24.0,-1200.0,106,session_end,MR,RANGE
val,20191010,130500,153600,2019-10-10 13:05:00,2019-10-10 15:36:00,25767.0,25713.0,-1,52.0,2600.0,151,mr_exit,MR,RANGE
val,20191011,111500,112200,2019-10-11 11:15:00,2019-10-11 11:22:00,26189.0,26273.0,-1,-86.0,-4300.0,7,stop_loss,MR,RANGE
val,20191011,112300,131000,2019-10-11 11:23:00,2019-10-11 13:10:00,26274.0,26438.0,1,162.0,8100.0,47,take_profit,ORB,TREND
val,20191011,131100,140500,2019-10-11 13:11:00,2019-10-11 14:05:00,26423.0,26338.0,1,-87.0,-4350.0,54,stop_loss,ORB,TREND
val,20191014,115800,133000,2019-10-14 11:58:00,2019-10-14 13:30:00,26594.0,26540.0,-1,52.0,2600.0,32,mr_exit,MR,RANGE
val,20191014,154200,162900,2019-10-14 15:42:00,2019-10-14 16:29:00,26505.0,26520.0,1,13.0,650.0,47,session_end,MR,RANGE
val,20191015,112600,114500,2019-10-15 11:26:00,2019-10-15 11:45:00,26473.0,26522.0,1,47.0,2350.0,19,mr_exit,MR,RANGE
val,20191015,133100,143300,2019-10-15 13:31:00,2019-10-15 14:33:00,26470.0,26516.0,1,44.0,2200.0,62,mr_exit,MR,RANGE
val,20191015,160300,161400,2019-10-15 16:03:00,2019-10-15 16:14:00,26486.0,26529.0,1,41.0,2050.0,11,mr_exit,MR,RANGE
val,20191016,150100,162900,2019-10-16 15:01:00,2019-10-16 16:29:00,26668.0,26627.0,-1,39.0,1950.0,88,session_end,MR,RANGE
val,20191017,140000,151800,2019-10-17 14:00:00,2019-10-17 15:18:00,26786.0,26853.0,1,65.0,3250.0,78,mr_exit,MR,RANGE
val,20191018,111300,151100,2019-10-18 11:13:00,2019-10-18 15:11:00,26802.0,26685.0,-1,115.0,5750.0,178,take_profit,ORB,TREND
val,20191018,151200,162900,2019-10-18 15:12:00,2019-10-18 16:29:00,26693.0,26683.0,1,-12.0,-600.0,77,session_end,MR,RANGE
val,20191021,160900,162900,2019-10-21 16:09:00,2019-10-21 16:29:00,26714.0,26700.0,1,-16.0,-800.0,20,session_end,MR,RANGE
val,20191022,142900,144000,2019-10-22 14:29:00,2019-10-22 14:40:00,26819.0,26798.0,-1,19.0,950.0,11,mr_exit,MR,RANGE
val,20191022,145700,153700,2019-10-22 14:57:00,2019-10-22 15:37:00,26824.0,26797.0,-1,25.0,1250.0,40,mr_exit,MR,RANGE
val,20191023,101600,103600,2019-10-23 10:16:00,2019-10-23 10:36:00,26557.0,26645.0,-1,-90.0,-4500.0,20,stop_loss,ORB,TREND
val,20191023,130000,162900,2019-10-23 13:00:00,2019-10-23 16:29:00,26516.0,26529.0,1,11.0,550.0,209,session_end,MR,RANGE
val,20191024,130700,150700,2019-10-24 13:07:00,2019-10-24 15:07:00,26711.0,26793.0,-1,-84.0,-4200.0,120,stop_loss,MR,RANGE
val,20191024,150800,162900,2019-10-24 15:08:00,2019-10-24 16:29:00,26784.0,26753.0,-1,29.0,1450.0,81,session_end,MR,RANGE
val,20191025,135900,151200,2019-10-25 13:59:00,2019-10-25 15:12:00,26729.0,26704.0,-1,23.0,1150.0,73,mr_exit,MR,RANGE
val,20191028,111500,130100,2019-10-28 11:15:00,2019-10-28 13:01:00,27020.0,26937.0,1,-85.0,-4250.0,46,stop_loss,ORB,TREND
val,20191029,114300,162900,2019-10-29 11:43:00,2019-10-29 16:29:00,26816.0,26721.0,1,-97.0,-4850.0,226,stop_loss,MR,RANGE
val,20191030,140300,162900,2019-10-30 14:03:00,2019-10-30 16:29:00,26691.0,26637.0,1,-56.0,-2800.0,146,session_end,MR,RANGE
val,20191031,114400,140000,2019-10-31 11:44:00,2019-10-31 14:00:00,26996.0,26926.0,-1,68.0,3400.0,76,mr_exit,MR,RANGE
val,20191101,101900,112700,2019-11-01 10:19:00,2019-11-01 11:27:00,26947.0,27077.0,1,128.0,6400.0,68,take_profit,ORB,TREND
val,20191101,130900,141300,2019-11-01 13:09:00,2019-11-01 14:13:00,27042.0,27125.0,-1,-85.0,-4250.0,64,stop_loss,MR,RANGE
val,20191101,141400,162900,2019-11-01 14:14:00,2019-11-01 16:29:00,27116.0,27137.0,-1,-23.0,-1150.0,135,session_end,MR,RANGE
val,20191104,134600,154800,2019-11-04 13:46:00,2019-11-04 15:48:00,27485.0,27573.0,-1,-90.0,-4500.0,122,stop_loss,MR,RANGE
val,20191104,154900,162900,2019-11-04 15:49:00,2019-11-04 16:29:00,27567.0,27589.0,-1,-24.0,-1200.0,40,session_end,MR,RANGE
val,20191105,130500,162900,2019-11-05 13:05:00,2019-11-05 16:29:00,27744.0,27674.0,-1,68.0,3400.0,204,session_end,MR,RANGE
val,20191106,111400,140700,2019-11-06 11:14:00,2019-11-06 14:07:00,27702.0,27787.0,-1,-87.0,-4350.0,113,stop_loss,MR,RANGE
val,20191106,140800,155800,2019-11-06 14:08:00,2019-11-06 15:58:00,27774.0,27670.0,-1,102.0,5100.0,110,mr_exit,MR,RANGE
val,20191106,160900,162900,2019-11-06 16:09:00,2019-11-06 16:29:00,27745.0,27736.0,-1,7.0,350.0,20,session_end,MR,RANGE
val,20191107,152200,152500,2019-11-07 15:22:00,2019-11-07 15:25:00,27678.0,27769.0,-1,-93.0,-4650.0,3,stop_loss,MR,RANGE
val,20191107,152600,153300,2019-11-07 15:26:00,2019-11-07 15:33:00,27797.0,27931.0,1,132.0,6600.0,7,take_profit,ORB,TREND
val,20191107,153400,154600,2019-11-07 15:34:00,2019-11-07 15:46:00,27902.0,27803.0,1,-101.0,-5050.0,12,stop_loss,ORB,TREND
val,20191108,130100,143900,2019-11-08 13:01:00,2019-11-08 14:39:00,27706.0,27623.0,1,-85.0,-4250.0,98,stop_loss,MR,RANGE
val,20191108,144000,162900,2019-11-08 14:40:00,2019-11-08 16:29:00,27635.0,27679.0,1,42.0,2100.0,109,session_end,MR,RANGE
val,20191111,104500,141400,2019-11-11 10:45:00,2019-11-11 14:14:00,27014.0,26892.0,-1,120.0,6000.0,149,take_profit,ORB,TREND
val,20191111,141500,162200,2019-11-11 14:15:00,2019-11-11 16:22:00,26882.0,26999.0,-1,-119.0,-5950.0,127,stop_loss,ORB,TREND
val,20191111,162300,162900,2019-11-11 16:23:00,2019-11-11 16:29:00,26997.0,27001.0,-1,-6.0,-300.0,6,session_end,ORB,TREND
val,20191112,151100,153300,2019-11-12 15:11:00,2019-11-12 15:33:00,27048.0,26975.0,-1,71.0,3550.0,22,mr_exit,MR,RANGE
val,20191112,154100,162400,2019-11-12 15:41:00,2019-11-12 16:24:00,27028.0,26991.0,-1,35.0,1750.0,43,mr_exit,MR,RANGE
val,20191113,145200,160800,2019-11-13 14:52:00,2019-11-13 16:08:00,26486.0,26546.0,1,58.0,2900.0,76,mr_exit,MR,RANGE
val,20191113,162900,162900,2019-11-13 16:29:00,2019-11-13 16:29:00,26502.0,26485.0,1,-19.0,-950.0,0,session_end,MR,RANGE
val,20191114,130000,151900,2019-11-14 13:00:00,2019-11-14 15:19:00,26307.0,26187.0,1,-122.0,-6100.0,139,stop_loss,MR,RANGE
val,20191114,152000,153100,2019-11-14 15:20:00,2019-11-14 15:31:00,26221.0,26315.0,1,92.0,4600.0,11,regime_extreme,MR,RANGE
val,20191115,115900,152900,2019-11-15 11:59:00,2019-11-15 15:29:00,26399.0,26313.0,1,-88.0,-4400.0,150,stop_loss,MR,RANGE
val,20191115,153000,162900,2019-11-15 15:30:00,2019-11-15 16:29:00,26316.0,26292.0,1,-26.0,-1300.0,59,session_end,MR,RANGE
val,20191118,101500,131100,2019-11-18 10:15:00,2019-11-18 13:11:00,26636.0,26510.0,1,-128.0,-6400.0,116,stop_loss,ORB,TREND
val,20191118,131200,134700,2019-11-18 13:12:00,2019-11-18 13:47:00,26489.0,26541.0,1,50.0,2500.0,35,mr_exit,MR,RANGE
val,20191118,151700,162900,2019-11-18 15:17:00,2019-11-18 16:29:00,26647.0,26673.0,-1,-28.0,-1400.0,72,session_end,MR,RANGE
val,20191119,101500,135600,2019-11-19 10:15:00,2019-11-19 13:56:00,26894.0,27012.0,1,116.0,5800.0,161,take_profit,ORB,TREND
val,20191119,135700,162900,2019-11-19 13:57:00,2019-11-19 16:29:00,27016.0,27072.0,-1,-58.0,-2900.0,152,session_end,MR,RANGE
val,20191120,130500,142400,2019-11-20 13:05:00,2019-11-20 14:24:00,26933.0,26877.0,-1,54.0,2700.0,79,mr_exit,MR,RANGE
val,20191120,162600,162900,2019-11-20 16:26:00,2019-11-20 16:29:00,26833.0,26816.0,1,-19.0,-950.0,3,session_end,MR,RANGE
val,20191121,133800,135000,2019-11-21 13:38:00,2019-11-21 13:50:00,26453.0,26429.0,-1,22.0,1100.0,12,mr_exit,MR,RANGE
val,20191121,140300,141000,2019-11-21 14:03:00,2019-11-21 14:10:00,26448.0,26423.0,-1,23.0,1150.0,7,mr_exit,MR,RANGE
val,20191121,142700,162900,2019-11-21 14:27:00,2019-11-21 16:29:00,26451.0,26460.0,-1,-11.0,-550.0,122,session_end,MR,RANGE
val,20191122,141200,143400,2019-11-22 14:12:00,2019-11-22 14:34:00,26499.0,26513.0,1,12.0,600.0,22,mr_exit,MR,RANGE
val,20191122,143600,152000,2019-11-22 14:36:00,2019-11-22 15:20:00,26519.0,26563.0,1,42.0,2100.0,44,mr_exit,MR,RANGE
val,20191122,161400,162400,2019-11-22 16:14:00,2019-11-22 16:24:00,26606.0,26635.0,-1,-31.0,-1550.0,10,regime_extreme,MR,RANGE
val,20191125,145300,145500,2019-11-25 14:53:00,2019-11-25 14:55:00,27052.0,27051.0,-1,-1.0,-50.0,2,regime_extreme,MR,RANGE
val,20191128,161400,162900,2019-11-28 16:14:00,2019-11-28 16:29:00,26904.0,26893.0,1,-13.0,-650.0,15,session_end,MR,RANGE
val,20191129,113600,162900,2019-11-29 11:36:00,2019-11-29 16:29:00,26383.0,26341.0,1,-44.0,-2200.0,233,session_end,MR,RANGE
val,20191202,131000,150800,2019-12-02 13:10:00,2019-12-02 15:08:00,26460.0,26477.0,1,15.0,750.0,118,mr_exit,MR,RANGE
val,20191202,153200,153300,2019-12-02 15:32:00,2019-12-02 15:33:00,26465.0,26473.0,-1,-10.0,-500.0,1,mr_exit,MR,RANGE
val,20191202,153700,162200,2019-12-02 15:37:00,2019-12-02 16:22:00,26464.0,26456.0,1,-10.0,-500.0,45,mr_exit,MR,RANGE
val,20191203,115300,162900,2019-12-03 11:53:00,2019-12-03 16:29:00,26464.0,26398.0,-1,64.0,3200.0,216,session_end,MR,RANGE
val,20191204,142500,150200,2019-12-04 14:25:00,2019-12-04 15:02:00,26147.0,26098.0,-1,47.0,2350.0,37,mr_exit,MR,RANGE
val,20191205,111800,143900,2019-12-05 11:18:00,2019-12-05 14:39:00,26147.0,26208.0,1,59.0,2950.0,141,mr_exit,MR,RANGE
val,20191205,162500,162900,2019-12-05 16:25:00,2019-12-05 16:29:00,26226.0,26235.0,-1,-11.0,-550.0,4,session_end,MR,RANGE
val,20191206,140000,140300,2019-12-06 14:00:00,2019-12-06 14:03:00,26392.0,26431.0,1,37.0,1850.0,3,mr_exit,MR,RANGE
val,20191206,151800,160300,2019-12-06 15:18:00,2019-12-06 16:03:00,26506.0,26501.0,-1,3.0,150.0,45,regime_extreme,MR,RANGE
val,20191209,153800,153900,2019-12-09 15:38:00,2019-12-09 15:39:00,26535.0,26538.0,-1,-5.0,-250.0,1,mr_exit,MR,RANGE
val,20191209,161000,161800,2019-12-09 16:10:00,2019-12-09 16:18:00,26495.0,26504.0,1,7.0,350.0,8,mr_exit,MR,RANGE
val,20191210,130800,144300,2019-12-10 13:08:00,2019-12-10 14:43:00,26510.0,26477.0,-1,31.0,1550.0,95,mr_exit,MR,RANGE
val,20191210,155800,160300,2019-12-10 15:58:00,2019-12-10 16:03:00,26507.0,26459.0,-1,46.0,2300.0,5,mr_exit,MR,RANGE
val,20191210,160900,161000,2019-12-10 16:09:00,2019-12-10 16:10:00,26436.0,26441.0,1,3.0,150.0,1,mr_exit,MR,RANGE
val,20191211,114800,134600,2019-12-11 11:48:00,2019-12-11 13:46:00,26534.0,26615.0,-1,-83.0,-4150.0,58,stop_loss,MR,RANGE
val,20191211,134700,143800,2019-12-11 13:47:00,2019-12-11 14:38:00,26595.0,26682.0,-1,-89.0,-4450.0,51,stop_loss,MR,RANGE
val,20191211,143900,162900,2019-12-11 14:39:00,2019-12-11 16:29:00,26678.0,26652.0,1,-28.0,-1400.0,110,session_end,ORB,TREND
val,20191213,133300,150600,2019-12-13 13:33:00,2019-12-13 15:06:00,27597.0,27681.0,-1,-86.0,-4300.0,93,stop_loss,MR,RANGE
val,20191213,150700,152500,2019-12-13 15:07:00,2019-12-13 15:25:00,27679.0,27652.0,-1,25.0,1250.0,18,regime_extreme,MR,RANGE
val,20191213,160900,162900,2019-12-13 16:09:00,2019-12-13 16:29:00,27718.0,27705.0,-1,11.0,550.0,20,session_end,MR,RANGE
val,20191216,154100,162900,2019-12-16 15:41:00,2019-12-16 16:29:00,27603.0,27594.0,1,-11.0,-550.0,48,session_end,MR,RANGE
val,20191217,132600,133700,2019-12-17 13:26:00,2019-12-17 13:37:00,27879.0,27915.0,-1,-38.0,-1900.0,11,stop_loss,MR,RANGE
val,20191217,133800,141900,2019-12-17 13:38:00,2019-12-17 14:19:00,27911.0,27834.0,-1,75.0,3750.0,41,regime_extreme,MR,RANGE
val,20191217,153300,153400,2019-12-17 15:33:00,2019-12-17 15:34:00,27832.0,27840.0,-1,-10.0,-500.0,1,regime_extreme,MR,RANGE
val,20191218,140300,142500,2019-12-18 14:03:00,2019-12-18 14:25:00,27842.0,27823.0,1,-21.0,-1050.0,22,mr_exit,MR,RANGE
val,20191218,142600,155100,2019-12-18 14:26:00,2019-12-18 15:51:00,27828.0,27885.0,1,55.0,2750.0,85,mr_exit,MR,RANGE
val,20191219,132100,133900,2019-12-19 13:21:00,2019-12-19 13:39:00,27744.0,27773.0,1,27.0,1350.0,18,mr_exit,MR,RANGE
val,20191219,134000,140600,2019-12-19 13:40:00,2019-12-19 14:06:00,27770.0,27808.0,1,36.0,1800.0,26,mr_exit,MR,RANGE
val,20191219,160900,162900,2019-12-19 16:09:00,2019-12-19 16:29:00,27850.0,27822.0,-1,26.0,1300.0,20,session_end,MR,RANGE
val,20191220,132300,132400,2019-12-20 13:23:00,2019-12-20 13:24:00,27926.0,27928.0,-1,-4.0,-200.0,1,regime_extreme,MR,RANGE
val,20191220,140600,140700,2019-12-20 14:06:00,2019-12-20 14:07:00,27884.0,27891.0,-1,-9.0,-450.0,1,regime_extreme,MR,RANGE
val,20191230,130000,130100,2019-12-30 13:00:00,2019-12-30 13:01:00,28368.0,28493.0,-1,-127.0,-6350.0,1,stop_loss,MR,RANGE
val,20191230,140100,144500,2019-12-30 14:01:00,2019-12-30 14:45:00,28471.0,28454.0,-1,15.0,750.0,44,take_profit,MR,RANGE
val,20191230,150300,152100,2019-12-30 15:03:00,2019-12-30 15:21:00,28464.0,28464.0,-1,-2.0,-100.0,18,regime_extreme,MR,RANGE
test,20200102,102100,162900,2020-01-02 10:21:00,2020-01-02 16:29:00,28540.0,28594.0,1,52.0,2600.0,308,session_end,ORB,TREND
test,20200103,103200,131100,2020-01-03 10:32:00,2020-01-03 13:11:00,28600.0,28473.0,-1,125.0,6250.0,99,take_profit,ORB,TREND
test,20200103,131200,162900,2020-01-03 13:12:00,2020-01-03 16:29:00,28489.0,28426.0,1,-65.0,-3250.0,197,session_end,MR,RANGE
test,20200106,140300,141200,2020-01-06 14:03:00,2020-01-06 14:12:00,28273.0,28176.0,1,-99.0,-4950.0,9,stop_loss,MR,RANGE
test,20200106,141300,152900,2020-01-06 14:13:00,2020-01-06 15:29:00,28158.0,28242.0,-1,-86.0,-4300.0,76,stop_loss,ORB,TREND
test,20200107,133900,140600,2020-01-07 13:39:00,2020-01-07 14:06:00,28390.0,28431.0,1,39.0,1950.0,27,mr_exit,MR,RANGE
test,20200107,141900,150000,2020-01-07 14:19:00,2020-01-07 15:00:00,28401.0,28428.0,1,25.0,1250.0,41,mr_exit,MR,RANGE
test,20200107,153200,155900,2020-01-07 15:32:00,2020-01-07 15:59:00,28377.0,28295.0,1,-84.0,-4200.0,27,stop_loss,MR,RANGE
test,20200109,130300,152800,2020-01-09 13:03:00,2020-01-09 15:28:00,28479.0,28570.0,-1,-93.0,-4650.0,145,stop_loss,MR,RANGE
test,20200109,152900,162900,2020-01-09 15:29:00,2020-01-09 16:29:00,28573.0,28623.0,-1,-52.0,-2600.0,60,session_end,MR,RANGE
test,20200110,140400,162900,2020-01-10 14:04:00,2020-01-10 16:29:00,28671.0,28643.0,-1,26.0,1300.0,145,session_end,MR,RANGE
test,20200113,110200,113500,2020-01-13 11:02:00,2020-01-13 11:35:00,28997.0,28914.0,1,-85.0,-4250.0,33,stop_loss,ORB,TREND
test,20200113,133400,145600,2020-01-13 13:34:00,2020-01-13 14:56:00,28946.0,29029.0,-1,-85.0,-4250.0,82,stop_loss,MR,RANGE
test,20200113,145700,162900,2020-01-13 14:57:00,2020-01-13 16:29:00,29013.0,28962.0,-1,49.0,2450.0,92,session_end,MR,RANGE
test,20200114,113000,162900,2020-01-14 11:30:00,2020-01-14 16:29:00,28929.0,28815.0,-1,112.0,5600.0,239,session_end,ORB,TREND
test,20200115,103800,162900,2020-01-15 10:38:00,2020-01-15 16:29:00,28749.0,28767.0,-1,-20.0,-1000.0,291,session_end,ORB,TREND
test,20200116,140200,160400,2020-01-16 14:02:00,2020-01-16 16:04:00,28823.0,28870.0,1,45.0,2250.0,122,mr_exit,MR,RANGE
test,20200117,132900,151600,2020-01-17 13:29:00,2020-01-17 15:16:00,28865.0,28945.0,1,78.0,3900.0,107,mr_exit,MR,RANGE
test,20200117,160900,162900,2020-01-17 16:09:00,2020-01-17 16:29:00,29072.0,29063.0,1,-11.0,-550.0,20,session_end,ORB,TREND
test,20200120,130000,135400,2020-01-20 13:00:00,2020-01-20 13:54:00,28945.0,28843.0,1,-104.0,-5200.0,54,stop_loss,MR,RANGE
test,20200120,135500,160600,2020-01-20 13:55:00,2020-01-20 16:06:00,28841.0,28757.0,1,-86.0,-4300.0,131,stop_loss,MR,RANGE
test,20200120,160700,162900,2020-01-20 16:07:00,2020-01-20 16:29:00,28772.0,28703.0,1,-71.0,-3550.0,22,session_end,MR,RANGE
test,20200121,113500,114900,2020-01-21 11:35:00,2020-01-21 11:49:00,28213.0,28114.0,1,-101.0,-5050.0,14,stop_loss,MR,RANGE
test,20200121,115000,144500,2020-01-21 11:50:00,2020-01-21 14:45:00,28134.0,28045.0,1,-91.0,-4550.0,115,stop_loss,MR,RANGE
test,20200121,144600,151200,2020-01-21 14:46:00,2020-01-21 15:12:00,28055.0,27968.0,1,-89.0,-4450.0,26,stop_loss,MR,RANGE
test,20200122,105800,110600,2020-01-22 10:58:00,2020-01-22 11:06:00,28244.0,28151.0,1,-95.0,-4750.0,8,stop_loss,ORB,TREND
test,20200122,130800,132500,2020-01-22 13:08:00,2020-01-22 13:25:00,28237.0,28330.0,-1,-95.0,-4750.0,17,stop_loss,MR,RANGE
test,20200122,132600,162900,2020-01-22 13:26:00,2020-01-22 16:29:00,28342.0,28334.0,-1,6.0,300.0,183,session_end,MR,RANGE
test,20200123,111900,130300,2020-01-23 11:19:00,2020-01-23 13:03:00,27906.0,27805.0,1,-103.0,-5150.0,44,stop_loss,MR,RANGE
test,20200123,130400,154700,2020-01-23 13:04:00,2020-01-23 15:47:00,27781.0,27864.0,-1,-85.0,-4250.0,163,stop_loss,ORB,TREND
test,20200123,155300,162900,2020-01-23 15:53:00,2020-01-23 16:29:00,27811.0,27808.0,1,-5.0,-250.0,36,session_end,MR,RANGE
test,20200129,111700,135000,2020-01-29 11:17:00,2020-01-29 13:50:00,27302.0,27222.0,-1,78.0,3900.0,93,mr_exit,MR,RANGE
test,20200129,160300,162900,2020-01-29 16:03:00,2020-01-29 16:29:00,27115.0,27131.0,1,14.0,700.0,26,session_end,MR,RANGE
test,20200130,104700,111500,2020-01-30 10:47:00,2020-01-30 11:15:00,26680.0,26771.0,-1,-93.0,-4650.0,28,stop_loss,ORB,TREND
test,20200130,115300,131400,2020-01-30 11:53:00,2020-01-30 13:14:00,26630.0,26545.0,1,-87.0,-4350.0,21,stop_loss,MR,RANGE
test,20200130,131500,150400,2020-01-30 13:15:00,2020-01-30 15:04:00,26544.0,26417.0,-1,125.0,6250.0,109,take_profit,ORB,TREND
test,20200131,115700,134600,2020-01-31 11:57:00,2020-01-31 13:46:00,26471.0,26378.0,1,-95.0,-4750.0,49,stop_loss,MR,RANGE
test,20200131,134700,140300,2020-01-31 13:47:00,2020-01-31 14:03:00,26378.0,26295.0,1,-85.0,-4250.0,16,stop_loss,MR,RANGE
test,20200131,140400,150600,2020-01-31 14:04:00,2020-01-31 15:06:00,26290.0,26374.0,-1,-86.0,-4300.0,62,stop_loss,ORB,TREND
test,20200204,141700,162100,2020-02-04 14:17:00,2020-02-04 16:21:00,26589.0,26678.0,-1,-91.0,-4550.0,124,stop_loss,MR,RANGE
test,20200204,162200,162900,2020-02-04 16:22:00,2020-02-04 16:29:00,26680.0,26749.0,-1,-71.0,-3550.0,7,session_end,MR,RANGE
test,20200205,133100,134000,2020-02-05 13:31:00,2020-02-05 13:40:00,26622.0,26526.0,1,-98.0,-4900.0,9,stop_loss,MR,RANGE
test,20200205,134100,161200,2020-02-05 13:41:00,2020-02-05 16:12:00,26560.0,26684.0,1,122.0,6100.0,151,take_profit,MR,RANGE
test,20200206,130100,130300,2020-02-06 13:01:00,2020-02-06 13:03:00,27336.0,27430.0,-1,-96.0,-4800.0,2,stop_loss,MR,RANGE
test,20200206,130400,130700,2020-02-06 13:04:00,2020-02-06 13:07:00,27422.0,27471.0,1,47.0,2350.0,3,regime_extreme,ORB,TREND
test,20200206,140200,143600,2020-02-06 14:02:00,2020-02-06 14:36:00,27504.0,27385.0,-1,117.0,5850.0,34,take_profit,MR,RANGE
test,20200207,130300,142300,2020-02-07 13:03:00,2020-02-07 14:23:00,27163.0,27222.0,1,57.0,2850.0,80,mr_exit,MR,RANGE
test,20200207,160900,162900,2020-02-07 16:09:00,2020-02-07 16:29:00,27298.0,27299.0,-1,-3.0,-150.0,20,session_end,MR,RANGE
test,20200210,142200,151400,2020-02-10 14:22:00,2020-02-10 15:14:00,27172.0,27122.0,-1,48.0,2400.0,52,mr_exit,MR,RANGE
test,20200210,153200,161100,2020-02-10 15:32:00,2020-02-10 16:11:00,27163.0,27124.0,-1,37.0,1850.0,39,mr_exit,MR,RANGE
test,20200211,133900,160000,2020-02-11 13:39:00,2020-02-11 16:00:00,27570.0,27509.0,-1,59.0,2950.0,141,mr_exit,MR,RANGE
test,20200212,130000,134300,2020-02-12 13:00:00,2020-02-12 13:43:00,27721.0,27812.0,-1,-93.0,-4650.0,43,stop_loss,MR,RANGE
test,20200212,134400,162900,2020-02-12 13:44:00,2020-02-12 16:29:00,27814.0,27779.0,-1,33.0,1650.0,165,session_end,MR,RANGE
test,20200213,130100,162900,2020-02-13 13:01:00,2020-02-13 16:29:00,27652.0,27663.0,1,9.0,450.0,208,session_end,MR,RANGE
test,20200214,153600,160200,2020-02-14 15:36:00,2020-02-14 16:02:00,27742.0,27789.0,1,45.0,2250.0,26,mr_exit,MR,RANGE
test,20200214,162900,162900,2020-02-14 16:29:00,2020-02-14 16:29:00,27747.0,27751.0,1,2.0,100.0,0,session_end,MR,RANGE
test,20200217,101500,115600,2020-02-17 10:15:00,2020-02-17 11:56:00,27957.0,27873.0,1,-86.0,-4300.0,101,stop_loss,ORB,TREND
test,20200217,135300,145600,2020-02-17 13:53:00,2020-02-17 14:56:00,27939.0,27896.0,-1,41.0,2050.0,63,mr_exit,MR,RANGE
test,20200217,162900,162900,2020-02-17 16:29:00,2020-02-17 16:29:00,27841.0,27840.0,1,-3.0,-150.0,0,session_end,MR,RANGE
test,20200218,112100,162900,2020-02-18 11:21:00,2020-02-18 16:29:00,27475.0,27432.0,-1,41.0,2050.0,248,session_end,ORB,TREND
test,20200219,101800,105500,2020-02-19 10:18:00,2020-02-19 10:55:00,27628.0,27537.0,1,-93.0,-4650.0,37,stop_loss,ORB,TREND
test,20200219,135100,141500,2020-02-19 13:51:00,2020-02-19 14:15:00,27598.0,27558.0,-1,38.0,1900.0,24,mr_exit,MR,RANGE
test,20200219,145900,160800,2020-02-19 14:59:00,2020-02-19 16:08:00,27592.0,27564.0,-1,26.0,1300.0,69,mr_exit,MR,RANGE
test,20200220,104000,134800,2020-02-20 10:40:00,2020-02-20 13:48:00,27330.0,27440.0,-1,-112.0,-5600.0,128,stop_loss,ORB,TREND
test,20200221,153900,162900,2020-02-21 15:39:00,2020-02-21 16:29:00,27223.0,27202.0,1,-23.0,-1150.0,50,session_end,MR,RANGE
test,20200224,135400,162800,2020-02-24 13:54:00,2020-02-24 16:28:00,26765.0,26675.0,1,-92.0,-4600.0,154,stop_loss,MR,RANGE
test,20200224,162900,162900,2020-02-24 16:29:00,2020-02-24 16:29:00,26679.0,26661.0,1,-20.0,-1000.0,0,session_end,MR,RANGE
test,20200225,142900,153500,2020-02-25 14:29:00,2020-02-25 15:35:00,26773.0,26729.0,-1,42.0,2100.0,66,mr_exit,MR,RANGE
test,20200225,155200,162900,2020-02-25 15:52:00,2020-02-25 16:29:00,26776.0,26762.0,-1,12.0,600.0,37,session_end,MR,RANGE
test,20200226,114900,145800,2020-02-26 11:49:00,2020-02-26 14:58:00,26678.0,26552.0,-1,124.0,6200.0,129,take_profit,MR,RANGE
test,20200226,154600,162900,2020-02-26 15:46:00,2020-02-26 16:29:00,26591.0,26612.0,-1,-23.0,-1150.0,43,session_end,MR,RANGE
test,20200227,143200,150000,2020-02-27 14:32:00,2020-02-27 15:00:00,26488.0,26592.0,-1,-106.0,-5300.0,28,stop_loss,MR,RANGE
test,20200227,150100,153400,2020-02-27 15:01:00,2020-02-27 15:34:00,26632.0,26756.0,1,122.0,6100.0,33,take_profit,ORB,TREND
test,20200227,153500,161000,2020-02-27 15:35:00,2020-02-27 16:10:00,26777.0,26665.0,1,-114.0,-5700.0,35,stop_loss,ORB,TREND
test,20200228,132700,151900,2020-02-28 13:27:00,2020-02-28 15:19:00,25971.0,26084.0,1,111.0,5550.0,112,mr_exit,MR,RANGE
test,20200302,133500,145100,2020-03-02 13:35:00,2020-03-02 14:51:00,26307.0,26254.0,-1,51.0,2550.0,76,mr_exit,MR,RANGE
test,20200302,155800,162900,2020-03-02 15:58:00,2020-03-02 16:29:00,26322.0,26282.0,-1,38.0,1900.0,31,session_end,MR,RANGE
test,20200303,132100,141600,2020-03-03 13:21:00,2020-03-03 14:16:00,26274.0,26183.0,1,-93.0,-4650.0,55,stop_loss,MR,RANGE
test,20200303,141700,145600,2020-03-03 14:17:00,2020-03-03 14:56:00,26172.0,26309.0,1,135.0,6750.0,39,take_profit,MR,RANGE
test,20200303,151600,160900,2020-03-03 15:16:00,2020-03-03 16:09:00,26357.0,26226.0,-1,129.0,6450.0,53,take_profit,ORB,TREND
test,20200304,150200,151500,2020-03-04 15:02:00,2020-03-04 15:15:00,26234.0,26329.0,-1,-97.0,-4850.0,13,stop_loss,MR,RANGE
test,20200304,151600,160200,2020-03-04 15:16:00,2020-03-04 16:02:00,26337.0,26211.0,-1,124.0,6200.0,46,take_profit,MR,RANGE
test,20200305,130600,131900,2020-03-05 13:06:00,2020-03-05 13:19:00,26536.0,26624.0,-1,-90.0,-4500.0,13,stop_loss,MR,RANGE
test,20200305,132000,133500,2020-03-05 13:20:00,2020-03-05 13:35:00,26635.0,26717.0,-1,-84.0,-4200.0,15,stop_loss,MR,RANGE
test,20200305,133600,162900,2020-03-05 13:36:00,2020-03-05 16:29:00,26726.0,26685.0,1,-43.0,-2150.0,173,session_end,ORB,TREND
test,20200306,115300,133700,2020-03-06 11:53:00,2020-03-06 13:37:00,26133.0,26051.0,1,-84.0,-4200.0,44,stop_loss,MR,RANGE
test,20200306,133800,162900,2020-03-06 13:38:00,2020-03-06 16:29:00,26048.0,26029.0,1,-21.0,-1050.0,171,session_end,MR,RANGE
test,20200309,143700,145300,2020-03-09 14:37:00,2020-03-09 14:53:00,25152.0,25074.0,-1,76.0,3800.0,16,mr_exit,MR,RANGE
test,20200309,152000,153400,2020-03-09 15:20:00,2020-03-09 15:34:00,24979.0,24889.0,1,-92.0,-4600.0,14,stop_loss,MR,RANGE
test,20200309,153500,155500,2020-03-09 15:35:00,2020-03-09 15:55:00,24865.0,24962.0,-1,-99.0,-4950.0,20,stop_loss,ORB,TREND
test,20200310,142000,144600,2020-03-10 14:20:00,2020-03-10 14:46:00,25448.0,25528.0,-1,-82.0,-4100.0,26,stop_loss,MR,RANGE
test,20200310,144700,152400,2020-03-10 14:47:00,2020-03-10 15:24:00,25507.0,25382.0,-1,123.0,6150.0,37,take_profit,MR,RANGE
test,20200310,153500,161500,2020-03-10 15:35:00,2020-03-10 16:15:00,25405.0,25311.0,-1,92.0,4600.0,40,mr_exit,MR,RANGE
test,20200311,145400,161200,2020-03-11 14:54:00,2020-03-11 16:12:00,25157.0,25268.0,1,109.0,5450.0,78,mr_exit,MR,RANGE
test,20200311,162600,162900,2020-03-11 16:26:00,2020-03-11 16:29:00,25142.0,25137.0,1,-7.0,-350.0,3,session_end,MR,RANGE
test,20200312,152800,162600,2020-03-12 15:28:00,2020-03-12 16:26:00,24229.0,24134.0,1,-97.0,-4850.0,58,stop_loss,MR,RANGE
test,20200312,162700,162900,2020-03-12 16:27:00,2020-03-12 16:29:00,24121.0,24091.0,1,-32.0,-1600.0,2,session_end,MR,RANGE
test,20200324,160100,161600,2020-03-24 16:01:00,2020-03-24 16:16:00,22711.0,22778.0,-1,-69.0,-3450.0,15,regime_extreme,MR,RANGE
test,20200325,153700,154300,2020-03-25 15:37:00,2020-03-25 15:43:00,23396.0,23476.0,-1,-82.0,-4100.0,6,stop_loss,MR,RANGE
test,20200325,154400,155200,2020-03-25 15:44:00,2020-03-25 15:52:00,23470.0,23553.0,-1,-85.0,-4250.0,8,stop_loss,MR,RANGE
test,20200325,155300,160400,2020-03-25 15:53:00,2020-03-25 16:04:00,23558.0,23467.0,-1,89.0,4450.0,11,regime_extreme,MR,RANGE
test,20200326,155500,160900,2020-03-26 15:55:00,2020-03-26 16:09:00,23181.0,23309.0,1,126.0,6300.0,14,take_profit,MR,RANGE
test,20200327,131000,131800,2020-03-27 13:10:00,2020-03-27 13:18:00,23496.0,23386.0,1,-112.0,-5600.0,8,stop_loss,MR,RANGE
test,20200327,131900,134300,2020-03-27 13:19:00,2020-03-27 13:43:00,23402.0,23468.0,1,64.0,3200.0,24,regime_extreme,MR,RANGE
test,20200327,152200,155200,2020-03-27 15:22:00,2020-03-27 15:52:00,23465.0,23379.0,1,-88.0,-4400.0,30,stop_loss,MR,RANGE
test,20200330,114600,130000,2020-03-30 11:46:00,2020-03-30 13:00:00,23190.0,23249.0,-1,-61.0,-3050.0,14,regime_extreme,MR,RANGE
test,20200331,140500,142200,2020-03-31 14:05:00,2020-03-31 14:22:00,23335.0,23447.0,1,110.0,5500.0,17,mr_exit,MR,RANGE
test,20200331,160800,162700,2020-03-31 16:08:00,2020-03-31 16:27:00,23620.0,23712.0,-1,-94.0,-4700.0,19,stop_loss,MR,RANGE
test,20200331,162800,162900,2020-03-31 16:28:00,2020-03-31 16:29:00,23728.0,23726.0,1,-4.0,-200.0,1,session_end,ORB,TREND
test,20200401,133300,134300,2020-04-01 13:33:00,2020-04-01 13:43:00,23236.0,23132.0,1,-106.0,-5300.0,10,stop_loss,MR,RANGE
test,20200401,134400,134600,2020-04-01 13:44:00,2020-04-01 13:46:00,23103.0,23138.0,-1,-37.0,-1850.0,2,regime_extreme,ORB,TREND
test,20200401,152700,153400,2020-04-01 15:27:00,2020-04-01 15:34:00,22965.0,22935.0,1,-32.0,-1600.0,7,regime_extreme,MR,RANGE
test,20200402,114000,130900,2020-04-02 11:40:00,2020-04-02 13:09:00,23108.0,22991.0,-1,115.0,5750.0,29,take_profit,MR,RANGE
test,20200402,133900,140300,2020-04-02 13:39:00,2020-04-02 14:03:00,23073.0,23157.0,-1,-86.0,-4300.0,24,stop_loss,MR,RANGE
test,20200402,140400,152300,2020-04-02 14:04:00,2020-04-02 15:23:00,23152.0,23239.0,-1,-89.0,-4450.0,79,stop_loss,MR,RANGE
test,20200403,130200,134200,2020-04-03 13:02:00,2020-04-03 13:42:00,23044.0,23120.0,1,74.0,3700.0,40,mr_exit,MR,RANGE
test,20200403,154300,162900,2020-04-03 15:43:00,2020-04-03 16:29:00,23182.0,23194.0,-1,-14.0,-700.0,46,session_end,MR,RANGE
test,20200406,133400,134200,2020-04-06 13:34:00,2020-04-06 13:42:00,23640.0,23737.0,-1,-99.0,-4950.0,8,stop_loss,MR,RANGE
test,20200406,134300,135600,2020-04-06 13:43:00,2020-04-06 13:56:00,23741.0,23787.0,-1,-48.0,-2400.0,13,regime_extreme,MR,RANGE
test,20200406,140200,162900,2020-04-06 14:02:00,2020-04-06 16:29:00,23790.0,23733.0,-1,55.0,2750.0,147,session_end,MR,RANGE
test,20200407,114600,130100,2020-04-07 11:46:00,2020-04-07 13:01:00,23794.0,23878.0,1,82.0,4100.0,15,regime_extreme,MR,RANGE
test,20200407,151300,160900,2020-04-07 15:13:00,2020-04-07 16:09:00,24230.0,24334.0,-1,-106.0,-5300.0,56,stop_loss,MR,RANGE
test,20200407,161000,161500,2020-04-07 16:10:00,2020-04-07 16:15:00,24292.0,24380.0,-1,-90.0,-4500.0,5,stop_loss,MR,RANGE
test,20200408,141000,162000,2020-04-08 14:10:00,2020-04-08 16:20:00,23925.0,23829.0,1,-98.0,-4900.0,130,stop_loss,MR,RANGE
test,20200408,162100,162900,2020-04-08 16:21:00,2020-04-08 16:29:00,23854.0,23779.0,1,-77.0,-3850.0,8,session_end,MR,RANGE
test,20200409,144500,150900,2020-04-09 14:45:00,2020-04-09 15:09:00,24202.0,24289.0,-1,-89.0,-4450.0,24,stop_loss,MR,RANGE
test,20200409,151000,162900,2020-04-09 15:10:00,2020-04-09 16:29:00,24308.0,24206.0,-1,100.0,5000.0,79,session_end,MR,RANGE
test,20200414,132300,150900,2020-04-14 13:23:00,2020-04-14 15:09:00,24519.0,24451.0,-1,66.0,3300.0,106,mr_exit,MR,RANGE
test,20200415,104700,110300,2020-04-15 10:47:00,2020-04-15 11:03:00,24294.0,24385.0,-1,-93.0,-4650.0,16,stop_loss,ORB,TREND
test,20200415,132200,135500,2020-04-15 13:22:00,2020-04-15 13:55:00,24353.0,24262.0,1,-93.0,-4650.0,33,stop_loss,MR,RANGE
test,20200415,135600,152100,2020-04-15 13:56:00,2020-04-15 15:21:00,24267.0,24173.0,1,-96.0,-4800.0,85,stop_loss,MR,RANGE
test,20200416,140000,140600,2020-04-16 14:00:00,2020-04-16 14:06:00,24009.0,23962.0,-1,45.0,2250.0,6,mr_exit,MR,RANGE
test,20200416,142900,150300,2020-04-16 14:29:00,2020-04-16 15:03:00,24015.0,24104.0,-1,-91.0,-4550.0,34,stop_loss,MR,RANGE
test,20200416,150400,160900,2020-04-16 15:04:00,2020-04-16 16:09:00,24098.0,23981.0,-1,115.0,5750.0,65,mr_exit,MR,RANGE
test,20200417,142800,142900,2020-04-17 14:28:00,2020-04-17 14:29:00,24393.0,24298.0,1,-97.0,-4850.0,1,stop_loss,MR,RANGE
test,20200417,161300,162900,2020-04-17 16:13:00,2020-04-17 16:29:00,24359.0,24390.0,1,29.0,1450.0,16,session_end,MR,RANGE
test,20200420,151900,155400,2020-04-20 15:19:00,2020-04-20 15:54:00,24292.0,24336.0,1,42.0,2100.0,35,mr_exit,MR,RANGE
test,20200420,162000,162900,2020-04-20 16:20:00,2020-04-20 16:29:00,24289.0,24275.0,1,-16.0,-800.0,9,session_end,MR,RANGE
test,20200421,114900,141700,2020-04-21 11:49:00,2020-04-21 14:17:00,23713.0,23833.0,1,118.0,5900.0,88,take_profit,MR,RANGE
test,20200421,154600,162900,2020-04-21 15:46:00,2020-04-21 16:29:00,23746.0,23712.0,1,-36.0,-1800.0,43,session_end,MR,RANGE
test,20200422,130500,132700,2020-04-22 13:05:00,2020-04-22 13:27:00,23631.0,23720.0,-1,-91.0,-4550.0,22,stop_loss,MR,RANGE
test,20200422,132800,134500,2020-04-22 13:28:00,2020-04-22 13:45:00,23737.0,23821.0,-1,-86.0,-4300.0,17,stop_loss,MR,RANGE
test,20200422,134600,144400,2020-04-22 13:46:00,2020-04-22 14:44:00,23793.0,23880.0,-1,-89.0,-4450.0,58,stop_loss,MR,RANGE
test,20200423,104500,105200,2020-04-23 10:45:00,2020-04-23 10:52:00,23768.0,23852.0,-1,-86.0,-4300.0,7,stop_loss,ORB,TREND
test,20200423,151100,152000,2020-04-23 15:11:00,2020-04-23 15:20:00,24017.0,23958.0,-1,57.0,2850.0,9,mr_exit,MR,RANGE
test,20200424,145200,160700,2020-04-24 14:52:00,2020-04-24 16:07:00,23878.0,23839.0,-1,37.0,1850.0,75,mr_exit,MR,RANGE
test,20200427,130000,162900,2020-04-27 13:00:00,2020-04-27 16:29:00,24264.0,24297.0,-1,-35.0,-1750.0,209,session_end,MR,RANGE
test,20200428,110100,141900,2020-04-28 11:01:00,2020-04-28 14:19:00,24326.0,24449.0,1,121.0,6050.0,138,take_profit,ORB,TREND
test,20200428,142000,161400,2020-04-28 14:20:00,2020-04-28 16:14:00,24445.0,24546.0,-1,-103.0,-5150.0,114,stop_loss,MR,RANGE
test,20200428,161500,162900,2020-04-28 16:15:00,2020-04-28 16:29:00,24541.0,24567.0,1,24.0,1200.0,14,session_end,ORB,TREND
test,20200429,130700,162900,2020-04-29 13:07:00,2020-04-29 16:29:00,24509.0,24495.0,1,-16.0,-800.0,202,session_end,MR,RANGE
test,20200504,130100,155300,2020-05-04 13:01:00,2020-05-04 15:53:00,23514.0,23422.0,1,-94.0,-4700.0,172,stop_loss,MR,RANGE
test,20200504,155400,161900,2020-05-04 15:54:00,2020-05-04 16:19:00,23433.0,23338.0,1,-97.0,-4850.0,25,stop_loss,MR,RANGE
test,20200504,162000,162900,2020-05-04 16:20:00,2020-05-04 16:29:00,23329.0,23330.0,1,-1.0,-50.0,9,session_end,MR,RANGE
test,20200505,144900,152200,2020-05-05 14:49:00,2020-05-05 15:22:00,23696.0,23789.0,-1,-95.0,-4750.0,33,stop_loss,MR,RANGE
test,20200505,152300,162900,2020-05-05 15:23:00,2020-05-05 16:29:00,23773.0,23766.0,-1,5.0,250.0,66,session_end,MR,RANGE
test,20200506,130100,131700,2020-05-06 13:01:00,2020-05-06 13:17:00,23916.0,24002.0,-1,-88.0,-4400.0,16,stop_loss,MR,RANGE
test,20200506,131800,143100,2020-05-06 13:18:00,2020-05-06 14:31:00,23995.0,24077.0,-1,-84.0,-4200.0,73,stop_loss,MR,RANGE
test,20200506,143200,162900,2020-05-06 14:32:00,2020-05-06 16:29:00,24080.0,24067.0,-1,11.0,550.0,117,session_end,MR,RANGE
test,20200507,150800,160200,2020-05-07 15:08:00,2020-05-07 16:02:00,23944.0,23877.0,-1,65.0,3250.0,54,mr_exit,MR,RANGE
test,20200508,131800,143300,2020-05-08 13:18:00,2020-05-08 14:33:00,24140.0,24070.0,-1,68.0,3400.0,75,mr_exit,MR,RANGE
test,20200511,115900,130500,2020-05-11 11:59:00,2020-05-11 13:05:00,24634.0,24594.0,-1,38.0,1900.0,6,mr_exit,MR,RANGE
test,20200511,140500,162900,2020-05-11 14:05:00,2020-05-11 16:29:00,24471.0,24476.0,1,3.0,150.0,144,session_end,MR,RANGE
test,20200512,115000,132100,2020-05-12 11:50:00,2020-05-12 13:21:00,24043.0,24119.0,1,74.0,3700.0,31,mr_exit,MR,RANGE
test,20200512,143400,151200,2020-05-12 14:34:00,2020-05-12 15:12:00,24022.0,24120.0,-1,-100.0,-5000.0,38,stop_loss,ORB,TREND
test,20200513,104300,155400,2020-05-13 10:43:00,2020-05-13 15:54:00,24177.0,24096.0,1,-83.0,-4150.0,251,stop_loss,ORB,TREND
test,20200513,155600,162900,2020-05-13 15:56:00,2020-05-13 16:29:00,24090.0,24059.0,1,-33.0,-1650.0,33,session_end,ORB,TREND
test,20200514,144900,153100,2020-05-14 14:49:00,2020-05-14 15:31:00,23695.0,23763.0,1,66.0,3300.0,42,mr_exit,MR,RANGE
test,20200514,160100,162900,2020-05-14 16:01:00,2020-05-14 16:29:00,23697.0,23659.0,1,-40.0,-2000.0,28,session_end,MR,RANGE
test,20200515,130300,134400,2020-05-15 13:03:00,2020-05-15 13:44:00,23861.0,23772.0,1,-91.0,-4550.0,41,stop_loss,ORB,TREND
test,20200515,160900,162900,2020-05-15 16:09:00,2020-05-15 16:29:00,23651.0,23684.0,1,31.0,1550.0,20,session_end,MR,RANGE
test,20200518,143200,144600,2020-05-18 14:32:00,2020-05-18 14:46:00,23835.0,23778.0,-1,55.0,2750.0,14,mr_exit,MR,RANGE
test,20200518,151000,161800,2020-05-18 15:10:00,2020-05-18 16:18:00,23823.0,23905.0,-1,-84.0,-4200.0,68,stop_loss,MR,RANGE
test,20200518,161900,162900,2020-05-18 16:19:00,2020-05-18 16:29:00,23893.0,23928.0,-1,-37.0,-1850.0,10,session_end,MR,RANGE
test,20200519,111500,142700,2020-05-19 11:15:00,2020-05-19 14:27:00,24263.0,24388.0,1,123.0,6150.0,132,take_profit,MR,RANGE
test,20200519,160400,162900,2020-05-19 16:04:00,2020-05-19 16:29:00,24324.0,24324.0,1,-2.0,-100.0,25,session_end,MR,RANGE
test,20200520,135200,150600,2020-05-20 13:52:00,2020-05-20 15:06:00,24313.0,24350.0,1,35.0,1750.0,74,mr_exit,MR,RANGE
test,20200520,152100,161200,2020-05-20 15:21:00,2020-05-20 16:12:00,24315.0,24352.0,1,35.0,1750.0,51,mr_exit,MR,RANGE
test,20200520,161800,162900,2020-05-20 16:18:00,2020-05-20 16:29:00,24412.0,24442.0,-1,-32.0,-1600.0,11,session_end,MR,RANGE
test,20200521,142600,161300,2020-05-21 14:26:00,2020-05-21 16:13:00,24224.0,24132.0,1,-94.0,-4700.0,107,stop_loss,MR,RANGE
test,20200521,161400,162900,2020-05-21 16:14:00,2020-05-21 16:29:00,24138.0,24120.0,1,-20.0,-1000.0,15,session_end,MR,RANGE
test,20200522,112900,114700,2020-05-22 11:29:00,2020-05-22 11:47:00,23225.0,23135.0,1,-92.0,-4600.0,18,stop_loss,MR,RANGE
test,20200522,114800,130100,2020-05-22 11:48:00,2020-05-22 13:01:00,23106.0,23026.0,-1,78.0,3900.0,13,regime_extreme,ORB,TREND
test,20200522,142400,144200,2020-05-22 14:24:00,2020-05-22 14:42:00,22952.0,22865.0,1,-89.0,-4450.0,18,stop_loss,MR,RANGE
test,20200525,140600,145500,2020-05-25 14:06:00,2020-05-25 14:55:00,22796.0,22886.0,-1,-92.0,-4600.0,49,stop_loss,MR,RANGE
test,20200525,145600,162900,2020-05-25 14:56:00,2020-05-25 16:29:00,22868.0,22898.0,-1,-32.0,-1600.0,93,session_end,MR,RANGE
test,20200526,115600,143100,2020-05-26 11:56:00,2020-05-26 14:31:00,23370.0,23454.0,-1,-86.0,-4300.0,95,stop_loss,MR,RANGE
test,20200526,143200,162900,2020-05-26 14:32:00,2020-05-26 16:29:00,23461.0,23364.0,-1,95.0,4750.0,117,session_end,MR,RANGE
test,20200527,133300,135700,2020-05-27 13:33:00,2020-05-27 13:57:00,23192.0,23106.0,1,-88.0,-4400.0,24,stop_loss,MR,RANGE
test,20200527,135800,150900,2020-05-27 13:58:00,2020-05-27 15:09:00,23105.0,23198.0,-1,-95.0,-4750.0,71,stop_loss,ORB,TREND
test,20200527,151400,162900,2020-05-27 15:14:00,2020-05-27 16:29:00,23183.0,23192.0,1,7.0,350.0,75,session_end,MR,RANGE
test,20200528,112900,113600,2020-05-28 11:29:00,2020-05-28 11:36:00,22846.0,22747.0,1,-101.0,-5050.0,7,stop_loss,MR,RANGE
test,20200528,113700,115100,2020-05-28 11:37:00,2020-05-28 11:51:00,22716.0,22724.0,-1,-10.0,-500.0,14,regime_extreme,ORB,TREND
test,20200528,115400,115700,2020-05-28 11:54:00,2020-05-28 11:57:00,22683.0,22663.0,-1,18.0,900.0,3,regime_extreme,ORB,TREND
test,20200529,131200,140900,2020-05-29 13:12:00,2020-05-29 14:09:00,22816.0,22734.0,-1,80.0,4000.0,57,mr_exit,MR,RANGE
test,20200529,160700,161100,2020-05-29 16:07:00,2020-05-29 16:11:00,22645.0,22729.0,1,82.0,4100.0,4,mr_exit,MR,RANGE
test,20200601,130200,160800,2020-06-01 13:02:00,2020-06-01 16:08:00,23592.0,23520.0,-1,70.0,3500.0,186,mr_exit,MR,RANGE
test,20200601,160900,161600,2020-06-01 16:09:00,2020-06-01 16:16:00,23483.0,23357.0,1,-128.0,-6400.0,7,stop_loss,MR,RANGE
test,20200601,162000,162100,2020-06-01 16:20:00,2020-06-01 16:21:00,23370.0,23349.0,1,-23.0,-1150.0,1,regime_extreme,MR,RANGE
test,20200602,133800,135200,2020-06-02 13:38:00,2020-06-02 13:52:00,23766.0,23708.0,-1,56.0,2800.0,14,mr_exit,MR,RANGE
test,20200602,143500,160600,2020-06-02 14:35:00,2020-06-02 16:06:00,23766.0,23860.0,-1,-96.0,-4800.0,91,stop_loss,MR,RANGE
test,20200602,160700,162600,2020-06-02 16:07:00,2020-06-02 16:26:00,23849.0,23941.0,-1,-94.0,-4700.0,19,stop_loss,MR,RANGE
test,20200603,160100,161600,2020-06-03 16:01:00,2020-06-03 16:16:00,24217.0,24182.0,-1,33.0,1650.0,15,mr_exit,MR,RANGE
test,20200603,162600,162900,2020-06-03 16:26:00,2020-06-03 16:29:00,24227.0,24253.0,-1,-28.0,-1400.0,3,session_end,MR,RANGE
test,20200604,142000,160700,2020-06-04 14:20:00,2020-06-04 16:07:00,24206.0,24279.0,1,71.0,3550.0,107,mr_exit,MR,RANGE
test,20200604,160900,162900,2020-06-04 16:09:00,2020-06-04 16:29:00,24292.0,24294.0,-1,-4.0,-200.0,20,session_end,ORB,TREND
test,20200605,130200,135300,2020-06-05 13:02:00,2020-06-05 13:53:00,24334.0,24423.0,-1,-91.0,-4550.0,51,stop_loss,MR,RANGE
test,20200605,135400,151000,2020-06-05 13:54:00,2020-06-05 15:10:00,24440.0,24565.0,1,123.0,6150.0,76,take_profit,ORB,TREND
test,20200605,151100,151800,2020-06-05 15:11:00,2020-06-05 15:18:00,24598.0,24684.0,-1,-88.0,-4400.0,7,stop_loss,MR,RANGE
test,20200608,113200,130800,2020-06-08 11:32:00,2020-06-08 13:08:00,24785.0,24696.0,1,-91.0,-4550.0,36,stop_loss,MR,RANGE
test,20200608,130900,133400,2020-06-08 13:09:00,2020-06-08 13:34:00,24695.0,24610.0,1,-87.0,-4350.0,25,stop_loss,MR,RANGE
test,20200608,133500,140000,2020-06-08 13:35:00,2020-06-08 14:00:00,24620.0,24741.0,1,119.0,5950.0,25,take_profit,MR,RANGE
test,20200609,101600,102900,2020-06-09 10:16:00,2020-06-09 10:29:00,25057.0,24944.0,1,-115.0,-5750.0,13,stop_loss,ORB,TREND
test,20200609,114200,132000,2020-06-09 11:42:00,2020-06-09 13:20:00,25042.0,25123.0,-1,-83.0,-4150.0,38,stop_loss,MR,RANGE
test,20200609,132100,153900,2020-06-09 13:21:00,2020-06-09 15:39:00,25123.0,25014.0,-1,107.0,5350.0,138,mr_exit,MR,RANGE
